-- phpMyAdmin SQL Dump
-- version 5.0.2
-- https://www.phpmyadmin.net/
--
-- Хост: 127.0.0.1:3306
-- Время создания: Апр 17 2021 г., 22:04
-- Версия сервера: 10.3.22-MariaDB
-- Версия PHP: 7.4.5

SET SQL_MODE = "NO_AUTO_VALUE_ON_ZERO";
START TRANSACTION;
SET time_zone = "+00:00";


/*!40101 SET @OLD_CHARACTER_SET_CLIENT=@@CHARACTER_SET_CLIENT */;
/*!40101 SET @OLD_CHARACTER_SET_RESULTS=@@CHARACTER_SET_RESULTS */;
/*!40101 SET @OLD_COLLATION_CONNECTION=@@COLLATION_CONNECTION */;
/*!40101 SET NAMES utf8mb4 */;

--
-- База данных: `app_db`
--

-- --------------------------------------------------------

--
-- Структура таблицы `auditory`
--

CREATE TABLE `auditory` (
  `auditory_id` int(11) NOT NULL,
  `department_id` int(11) NOT NULL,
  `auditory_name` varchar(50) NOT NULL,
  `not_used` tinyint(1) NOT NULL,
  `type_auditory` int(11) NOT NULL,
  `count_of_places` int(11) NOT NULL
) ENGINE=InnoDB DEFAULT CHARSET=utf8;

--
-- Дамп данных таблицы `auditory`
--

INSERT INTO `auditory` (`auditory_id`, `department_id`, `auditory_name`, `not_used`, `type_auditory`, `count_of_places`) VALUES
(4212, 288, '0', 0, 19, 0),
(4213, 329, '1-1', 0, 20, 15),
(4214, 317, '2', 0, 19, 26),
(4215, 317, '3', 0, 19, 24),
(4216, 335, '4-6', 1, 19, 0),
(4217, 278, '5', 0, 19, 14),
(4218, 335, '6', 1, 19, 0),
(4219, 317, '7', 0, 19, 32),
(4220, 335, '9', 1, 19, 0),
(4221, 289, '10', 0, 21, 60),
(4222, 274, '11', 0, 19, 65),
(4223, 274, '11а', 0, 19, 30),
(4224, 316, '12', 0, 19, 30),
(4225, 274, '13', 0, 19, 30),
(4226, 289, '14', 0, 19, 36),
(4227, 289, '15', 0, 22, 0),
(4228, 316, '15а', 0, 19, 30),
(4229, 316, '15б', 0, 19, 50),
(4230, 335, '16', 1, 23, 0),
(4231, 316, '18', 0, 20, 25),
(4232, 316, '19', 0, 19, 30),
(4233, 304, '20', 0, 21, 60),
(4234, 304, '21', 0, 22, 0),
(4235, 304, '22', 0, 19, 20),
(4236, 304, '23', 0, 19, 18),
(4237, 303, '24', 0, 21, 76),
(4238, 289, '25', 0, 24, 0),
(4239, 303, '26', 0, 19, 30),
(4240, 308, '27', 0, 19, 0),
(4241, 303, '28', 0, 19, 30),
(4242, 303, '29', 0, 22, 0),
(4243, 335, '29а', 1, 25, 0),
(4244, 310, '30', 0, 20, 27),
(4245, 310, '31', 0, 19, 24),
(4246, 310, '32', 0, 26, 0),
(4247, 310, '33', 0, 19, 26),
(4248, 310, '34', 0, 19, 26),
(4249, 335, '35', 1, 23, 0),
(4250, 284, '36', 0, 19, 24),
(4251, 310, '37', 0, 19, 28),
(4252, 284, '38', 0, 19, 24),
(4253, 310, '39', 0, 19, 20),
(4254, 288, '40', 0, 19, 22),
(4255, 335, '41', 1, 27, 0),
(4256, 288, '42', 0, 19, 30),
(4257, 308, '43', 0, 22, 0),
(4258, 288, '44', 0, 19, 24),
(4259, 308, '45', 0, 21, 68),
(4260, 284, '46', 0, 19, 24),
(4261, 288, '47', 0, 20, 25),
(4262, 288, '48', 0, 20, 24),
(4263, 308, '49', 0, 19, 20),
(4264, 290, '50', 0, 19, 20),
(4265, 290, '51', 0, 20, 22),
(4266, 290, '52', 0, 19, 20),
(4267, 308, '53а', 0, 20, 40),
(4268, 290, '54', 0, 21, 84),
(4269, 269, '54а', 0, 19, 32),
(4270, 308, '55', 0, 21, 84),
(4271, 269, '55а', 0, 19, 16),
(4272, 308, '56', 0, 20, 30),
(4273, 269, '56а', 0, 19, 36),
(4274, 308, '57', 0, 19, 36),
(4275, 269, '57а', 0, 20, 20),
(4276, 308, '58', 0, 20, 30),
(4277, 269, '58а', 0, 21, 75),
(4278, 269, '62а', 0, 19, 30),
(4279, 269, '63а', 0, 19, 36),
(4280, 335, '101', 1, 19, 0),
(4281, 318, '102', 0, 19, 24),
(4282, 335, '103', 1, 27, 0),
(4283, 318, '104', 0, 19, 21),
(4284, 318, '105', 0, 21, 96),
(4285, 318, '106', 0, 19, 60),
(4286, 318, '107', 0, 19, 30),
(4287, 299, '108', 0, 19, 44),
(4288, 318, '109', 0, 22, 0),
(4289, 271, '110', 0, 26, 36),
(4290, 335, '111', 1, 19, 0),
(4291, 299, '112', 0, 19, 36),
(4292, 299, '113', 0, 22, 0),
(4293, 335, '114', 0, 26, 0),
(4294, 299, '115', 0, 19, 16),
(4295, 335, '116', 0, 26, 0),
(4296, 299, '117', 0, 19, 20),
(4297, 335, '118', 0, 26, 0),
(4298, 335, '119', 0, 26, 0),
(4299, 335, '120', 0, 26, 0),
(4300, 335, '121', 0, 26, 0),
(4301, 335, '122', 0, 26, 0),
(4302, 335, '123', 0, 26, 0),
(4303, 335, '124', 0, 26, 0),
(4304, 296, '125', 0, 21, 50),
(4305, 335, '126', 1, 28, 0),
(4306, 299, '127', 0, 20, 25),
(4307, 330, '128', 0, 26, 0),
(4308, 335, '130', 0, 26, 0),
(4309, 335, '131', 1, 27, 0),
(4310, 335, '132', 1, 27, 0),
(4311, 273, '133', 0, 22, 0),
(4312, 270, '134', 0, 20, 26),
(4313, 273, '135', 0, 22, 0),
(4314, 335, '136', 1, 27, 0),
(4315, 273, '137', 0, 22, 0),
(4316, 294, '138', 0, 22, 0),
(4317, 273, '139', 0, 20, 20),
(4318, 335, '140', 1, 27, 0),
(4319, 273, '141', 0, 19, 30),
(4320, 335, '142', 1, 27, 0),
(4321, 335, '143', 0, 26, 0),
(4322, 335, '144', 1, 27, 0),
(4323, 335, '145', 1, 29, 0),
(4324, 290, '146', 0, 20, 24),
(4325, 296, '147', 0, 19, 24),
(4326, 335, '148', 1, 27, 0),
(4327, 331, '149', 0, 26, 0),
(4328, 335, '150', 1, 27, 0),
(4329, 296, '151', 0, 19, 25),
(4330, 276, '152', 0, 19, 18),
(4331, 323, '153', 0, 21, 50),
(4332, 335, '154', 1, 19, 0),
(4333, 335, '155', 1, 27, 0),
(4334, 335, '156', 1, 19, 0),
(4335, 335, '157', 1, 26, 0),
(4336, 323, '158', 0, 22, 0),
(4337, 335, '159', 1, 26, 0),
(4338, 323, '160', 0, 19, 20),
(4339, 323, '160а', 0, 19, 12),
(4340, 335, '161', 1, 27, 0),
(4341, 323, '162', 0, 19, 12),
(4342, 323, '162а', 0, 19, 12),
(4343, 301, '163', 0, 19, 12),
(4344, 323, '164б', 0, 19, 16),
(4345, 335, '165а', 1, 27, 0),
(4346, 323, '166', 0, 19, 10),
(4347, 335, '167', 1, 19, 0),
(4348, 297, '168', 0, 22, 0),
(4349, 335, '169', 1, 19, 0),
(4350, 297, '170', 0, 22, 0),
(4351, 335, '171', 1, 19, 0),
(4352, 335, '172', 1, 27, 0),
(4353, 335, '173', 1, 20, 0),
(4354, 297, '174', 0, 19, 40),
(4355, 335, '175', 1, 27, 0),
(4356, 335, '176', 0, 26, 0),
(4357, 335, '177', 1, 27, 0),
(4358, 335, '178', 0, 26, 0),
(4359, 297, '179', 0, 20, 17),
(4360, 335, '180', 0, 26, 0),
(4361, 297, '181', 0, 21, 73),
(4362, 335, '182', 0, 26, 0),
(4363, 297, '183а', 0, 19, 30),
(4364, 297, '183б', 0, 19, 30),
(4365, 335, '184а', 1, 27, 0),
(4366, 301, '185', 0, 19, 14),
(4367, 335, '186', 1, 19, 0),
(4368, 335, '187', 0, 26, 0),
(4369, 335, '188', 1, 19, 0),
(4370, 335, '189', 0, 26, 0),
(4371, 335, '190а', 1, 19, 0),
(4372, 294, '192', 0, 19, 20),
(4373, 335, '193', 1, 27, 0),
(4374, 335, '194', 1, 27, 0),
(4375, 335, '195', 0, 26, 0),
(4376, 335, '196', 1, 27, 0),
(4377, 335, '197', 0, 26, 0),
(4378, 281, '198', 0, 19, 14),
(4379, 335, '199', 0, 26, 0),
(4380, 335, '201', 1, 27, 0),
(4381, 271, '202', 0, 21, 36),
(4382, 271, '203', 0, 21, 96),
(4383, 271, '204', 0, 21, 44),
(4384, 285, '205', 0, 19, 14),
(4385, 332, '206а', 0, 19, 18),
(4386, 271, '207', 0, 21, 100),
(4387, 335, '208', 1, 27, 0),
(4388, 335, '209', 1, 27, 0),
(4389, 271, '210', 0, 21, 84),
(4390, 271, '211', 0, 21, 100),
(4391, 332, '212', 0, 19, 18),
(4392, 299, '214', 0, 20, 10),
(4393, 335, '215', 0, 26, 0),
(4394, 335, '216', 1, 27, 0),
(4395, 294, '217', 0, 19, 28),
(4396, 271, '218', 0, 21, 66),
(4397, 294, '219', 0, 19, 42),
(4398, 279, '220', 0, 19, 24),
(4399, 335, '220а', 0, 19, 24),
(4400, 279, '221', 0, 22, 0),
(4401, 335, '222', 1, 27, 0),
(4402, 294, '223', 0, 19, 24),
(4403, 279, '224', 0, 19, 16),
(4404, 294, '225', 0, 22, 0),
(4405, 335, '226', 1, 27, 0),
(4406, 279, '226а', 0, 20, 20),
(4407, 335, '227', 0, 26, 0),
(4408, 278, '228', 0, 19, 25),
(4409, 296, '229', 0, 20, 24),
(4410, 278, '230', 0, 22, 0),
(4411, 302, '232', 0, 26, 42),
(4412, 335, '233', 1, 27, 0),
(4413, 278, '234', 0, 19, 10),
(4414, 335, '235', 1, 26, 0),
(4415, 335, '236', 1, 27, 0),
(4416, 314, '237', 0, 22, 0),
(4417, 335, '238', 1, 27, 0),
(4418, 314, '239', 0, 19, 26),
(4419, 278, '240', 0, 19, 60),
(4420, 314, '241', 0, 20, 20),
(4421, 297, '242', 0, 19, 25),
(4422, 314, '243', 0, 19, 28),
(4423, 280, '244', 0, 22, 18),
(4424, 335, '245', 1, 27, 0),
(4425, 335, '246', 0, 30, 0),
(4426, 297, '247', 0, 19, 30),
(4427, 315, '248', 0, 20, 14),
(4428, 297, '249', 0, 21, 96),
(4429, 331, '250', 0, 31, 0),
(4430, 335, '252', 1, 27, 0),
(4431, 335, '253', 1, 27, 0),
(4432, 335, '254', 1, 27, 0),
(4433, 301, '255', 0, 19, 24),
(4434, 335, '256', 1, 27, 0),
(4435, 301, '257а', 0, 19, 35),
(4436, 335, '258', 1, 27, 0),
(4437, 335, '259', 1, 27, 0),
(4438, 335, '260', 1, 27, 0),
(4439, 335, '261', 1, 32, 0),
(4440, 335, '262', 0, 26, 0),
(4441, 335, '263', 1, 27, 0),
(4442, 278, '264', 0, 20, 22),
(4443, 335, '265', 1, 27, 0),
(4444, 335, '266', 1, 27, 0),
(4445, 335, '267', 1, 27, 0),
(4446, 278, '268', 0, 20, 13),
(4447, 335, '269', 1, 27, 0),
(4448, 335, '270', 1, 23, 20),
(4449, 335, '271', 1, 27, 0),
(4450, 335, '272', 1, 27, 0),
(4451, 335, '273', 1, 27, 0),
(4452, 335, '274', 1, 27, 0),
(4453, 298, '275', 0, 20, 12),
(4454, 295, '276', 0, 21, 53),
(4455, 298, '277а', 0, 22, 0),
(4456, 335, '278', 1, 27, 0),
(4457, 293, '279', 0, 21, 60),
(4458, 298, '280', 0, 20, 12),
(4459, 335, '281', 1, 27, 0),
(4460, 327, '282', 0, 21, 64),
(4461, 335, '283', 0, 26, 0),
(4462, 298, '284', 0, 21, 48),
(4463, 275, '285', 0, 19, 10),
(4464, 280, '286', 0, 19, 36),
(4465, 280, '288', 0, 19, 10),
(4466, 294, '289', 0, 26, 30),
(4467, 280, '290', 0, 21, 83),
(4468, 335, '291', 0, 26, 0),
(4469, 280, '292а', 0, 19, 16),
(4470, 335, '293', 0, 26, 0),
(4471, 280, '294', 0, 19, 16),
(4472, 335, '295', 0, 26, 0),
(4473, 280, '296', 0, 22, 0),
(4474, 335, '297', 0, 26, 0),
(4475, 280, '298', 0, 19, 28),
(4476, 280, '298а', 0, 19, 12),
(4477, 280, '299', 0, 24, 0),
(4478, 335, '300', 0, 26, 0),
(4479, 318, '301', 0, 22, 0),
(4480, 335, '302', 1, 21, 96),
(4481, 271, '303', 0, 21, 96),
(4482, 318, '304', 0, 21, 92),
(4483, 320, '305', 0, 21, 63),
(4484, 333, '306', 0, 22, 0),
(4485, 320, '307', 0, 21, 64),
(4486, 335, '308', 0, 21, 92),
(4487, 285, '309', 0, 19, 18),
(4488, 335, '310', 1, 27, 0),
(4489, 335, '311', 0, 21, 96),
(4490, 318, '312', 0, 19, 40),
(4491, 335, '313', 1, 27, 0),
(4492, 318, '314', 0, 21, 68),
(4493, 335, '315', 0, 26, 0),
(4494, 299, '316', 0, 21, 64),
(4495, 335, '317', 0, 26, 0),
(4496, 335, '318', 0, 26, 0),
(4497, 335, '319', 0, 26, 0),
(4498, 322, '320', 0, 21, 174),
(4499, 335, '321', 1, 19, 0),
(4500, 322, '322', 0, 19, 20),
(4501, 322, '323', 0, 19, 20),
(4502, 335, '324', 1, 27, 0),
(4503, 322, '325', 0, 22, 0),
(4504, 322, '326', 0, 22, 0),
(4505, 317, '327', 0, 20, 26),
(4506, 335, '328', 1, 27, 0),
(4507, 335, '329', 1, 27, 0),
(4508, 322, '330', 0, 19, 20),
(4509, 335, '331', 1, 27, 0),
(4510, 322, '332', 0, 19, 30),
(4511, 335, '333', 1, 27, 0),
(4512, 317, '334', 0, 21, 78),
(4513, 300, '336', 0, 33, 36),
(4514, 332, '338а', 0, 19, 12),
(4515, 300, '339', 0, 20, 22),
(4516, 335, '340', 1, 27, 0),
(4517, 300, '341', 0, 22, 0),
(4518, 300, '342', 0, 33, 30),
(4519, 300, '343', 0, 33, 32),
(4520, 294, '344', 0, 21, 49),
(4521, 335, '345', 1, 27, 0),
(4522, 285, '346', 0, 19, 18),
(4523, 285, '348', 0, 22, 0),
(4524, 317, '349', 0, 22, 0),
(4525, 285, '350', 0, 19, 20),
(4526, 335, '351', 1, 34, 0),
(4527, 307, '352', 0, 21, 153),
(4528, 290, '353', 0, 20, 24),
(4529, 307, '354', 0, 22, 0),
(4530, 311, '355', 0, 20, 12),
(4531, 335, '356', 1, 27, 0),
(4532, 311, '357', 0, 19, 24),
(4533, 277, '358', 0, 21, 40),
(4534, 311, '359', 0, 20, 12),
(4535, 335, '360а', 1, 27, 0),
(4536, 311, '361', 0, 22, 0),
(4537, 335, '362', 1, 27, 0),
(4538, 335, '363', 1, 27, 0),
(4539, 335, '364', 0, 26, 0),
(4540, 335, '365', 1, 27, 0),
(4541, 320, '366', 0, 21, 50),
(4542, 335, '367', 1, 27, 0),
(4543, 335, '368', 0, 22, 0),
(4544, 335, '369', 1, 27, 0),
(4545, 289, '370', 0, 35, 0),
(4546, 335, '371', 1, 27, 0),
(4547, 289, '372', 0, 19, 24),
(4548, 289, '372а', 0, 19, 24),
(4549, 335, '373', 1, 27, 12),
(4550, 335, '374', 1, 27, 0),
(4551, 335, '375', 1, 19, 0),
(4552, 335, '376', 1, 27, 0),
(4553, 335, '377', 1, 19, 0),
(4554, 335, '378', 1, 27, 0),
(4555, 289, '379', 0, 19, 30),
(4556, 289, '379а', 0, 19, 24),
(4557, 289, '380а', 0, 22, 0),
(4558, 298, '381', 0, 21, 144),
(4559, 335, '382', 0, 26, 0),
(4560, 335, '383', 0, 26, 0),
(4561, 335, '384', 0, 26, 0),
(4562, 335, '385', 1, 27, 0),
(4563, 335, '386', 0, 19, 0),
(4564, 280, '387а', 0, 19, 24),
(4565, 280, '387б', 0, 19, 12),
(4566, 280, '387в', 0, 19, 18),
(4567, 335, '388а', 0, 23, 62),
(4568, 294, '389', 0, 19, 0),
(4569, 335, '390', 1, 27, 0),
(4570, 316, '391', 0, 24, 0),
(4571, 335, '392', 1, 27, 0),
(4572, 335, '393', 0, 26, 0),
(4573, 287, '394', 0, 20, 15),
(4574, 335, '395', 0, 26, 0),
(4575, 335, '396', 1, 27, 0),
(4576, 335, '397', 0, 26, 0),
(4577, 280, '398', 0, 19, 12),
(4578, 335, '399', 0, 26, 0),
(4579, 335, '400', 0, 26, 0),
(4580, 335, '401', 0, 26, 0),
(4581, 335, '402', 0, 26, 0),
(4582, 335, '403', 0, 26, 0),
(4583, 335, '404', 0, 26, 0),
(4584, 335, '405', 0, 26, 0),
(4585, 335, '406', 0, 26, 0),
(4586, 335, '407', 0, 26, 0),
(4587, 335, '408', 0, 26, 0),
(4588, 335, '409', 0, 26, 0),
(4589, 335, '410', 0, 26, 0),
(4590, 335, '411', 0, 26, 0),
(4591, 335, '412', 0, 26, 0),
(4592, 335, '413', 0, 26, 0),
(4593, 335, '414', 0, 26, 0),
(4594, 335, '415', 0, 26, 0),
(4595, 335, '416', 0, 26, 0),
(4596, 335, '417', 0, 26, 0),
(4597, 335, '418', 0, 26, 0),
(4598, 335, '419', 0, 26, 0),
(4599, 335, '420', 0, 26, 0),
(4600, 335, '421', 0, 26, 0),
(4601, 335, '422', 0, 26, 0),
(4602, 335, '423', 0, 26, 0),
(4603, 335, '424', 0, 26, 0),
(4604, 335, '425', 0, 26, 0),
(4605, 335, '426', 0, 26, 0),
(4606, 335, '427', 0, 26, 0),
(4607, 335, '428', 0, 26, 0),
(4608, 335, '429', 0, 26, 0),
(4609, 335, '430', 0, 26, 0),
(4610, 335, '431', 0, 26, 0),
(4611, 335, '432', 0, 26, 0),
(4612, 335, '433', 0, 26, 0),
(4613, 335, '434', 0, 26, 0),
(4614, 335, '435', 0, 26, 0),
(4615, 335, '436', 0, 26, 0),
(4616, 335, '437', 0, 26, 0),
(4617, 335, '438', 0, 26, 0),
(4618, 335, '439', 0, 26, 0),
(4619, 335, '440', 0, 26, 0),
(4620, 335, '441', 0, 26, 0),
(4621, 335, '442', 0, 26, 0),
(4622, 335, '443', 0, 26, 0),
(4623, 335, '444', 0, 26, 0),
(4624, 335, '445', 0, 26, 0),
(4625, 335, '446', 0, 26, 0),
(4626, 335, '447', 0, 26, 0),
(4627, 335, '448', 0, 26, 0),
(4628, 335, '449', 0, 26, 0),
(4629, 335, '450', 0, 26, 0),
(4630, 335, '451', 0, 26, 0),
(4631, 335, '452', 0, 26, 0),
(4632, 335, '453', 0, 26, 0),
(4633, 335, '454', 0, 26, 0),
(4634, 335, '455', 0, 26, 0),
(4635, 335, '456', 0, 26, 0),
(4636, 335, '457', 0, 26, 0),
(4637, 335, '458', 0, 26, 0),
(4638, 335, '459', 0, 26, 0),
(4639, 335, '460', 0, 26, 0),
(4640, 335, '461', 0, 26, 0),
(4641, 335, '462', 0, 26, 0),
(4642, 335, '463', 0, 26, 0),
(4643, 335, '464', 0, 26, 0),
(4644, 335, '465', 0, 26, 0),
(4645, 335, '466', 0, 26, 0),
(4646, 335, '467', 0, 26, 0),
(4647, 335, '468', 0, 26, 0),
(4648, 335, '469', 0, 26, 0),
(4649, 335, '470', 0, 26, 0),
(4650, 335, '471', 0, 26, 0),
(4651, 335, '472', 0, 26, 0),
(4652, 335, '473', 0, 26, 0),
(4653, 335, '474', 0, 26, 0),
(4654, 335, '475', 0, 26, 0),
(4655, 335, '476', 0, 26, 0),
(4656, 335, '477', 0, 26, 0),
(4657, 335, '478', 0, 26, 0),
(4658, 335, '479', 0, 26, 0),
(4659, 335, '480', 0, 26, 0),
(4660, 335, '481', 0, 26, 0),
(4661, 335, '482', 0, 26, 0),
(4662, 335, '483', 1, 27, 0),
(4663, 335, '484', 0, 26, 0),
(4664, 335, '485', 0, 26, 0),
(4665, 335, '486', 0, 26, 16),
(4666, 335, '487', 1, 27, 0),
(4667, 335, '488', 0, 26, 18),
(4668, 335, '489', 1, 27, 0),
(4669, 335, '490', 1, 23, 0),
(4670, 335, '490а', 1, 27, 0),
(4671, 335, '491', 1, 27, 0),
(4672, 312, '492', 0, 21, 41),
(4673, 335, '493', 1, 27, 0),
(4674, 335, '494', 1, 27, 0),
(4675, 335, '495', 0, 26, 0),
(4676, 275, '496', 0, 21, 40),
(4677, 335, '497', 0, 26, 0),
(4678, 275, '498', 0, 19, 10),
(4679, 334, '499', 0, 35, 0),
(4680, 275, '500а', 0, 22, 0),
(4681, 331, '501', 0, 35, 0),
(4682, 331, '502', 0, 35, 0),
(4683, 275, '503', 0, 19, 0),
(4684, 334, '504', 0, 35, 0),
(4685, 330, '505', 0, 35, 0),
(4686, 330, '506', 0, 35, 0),
(4687, 335, '507', 1, 19, 0),
(4688, 335, '508', 1, 27, 0),
(4689, 304, '508а', 0, 21, 50),
(4690, 335, '509', 1, 19, 0),
(4691, 335, '510', 1, 27, 0),
(4692, 331, '511', 0, 36, 0),
(4693, 331, '512', 0, 36, 0),
(4694, 331, '513', 0, 36, 0),
(4695, 331, '514', 0, 36, 0),
(4696, 331, '515', 0, 36, 0),
(4697, 331, '516', 0, 36, 0),
(4698, 331, '517', 0, 36, 0),
(4699, 331, '518', 0, 36, 0),
(4700, 331, '519', 0, 36, 0),
(4701, 279, '520', 0, 19, 16),
(4702, 281, '521', 0, 19, 87),
(4703, 281, '522', 0, 19, 10),
(4704, 281, '523', 0, 19, 21),
(4705, 281, '524', 0, 19, 22),
(4706, 281, '523а', 0, 20, 30),
(4707, 281, '525', 0, 21, 81),
(4708, 281, '526а', 0, 22, 0),
(4709, 281, '527', 0, 19, 21),
(4710, 281, '528', 0, 22, 0),
(4711, 281, '529', 0, 20, 25),
(4712, 270, '530', 0, 21, 60),
(4713, 270, '531', 0, 22, 0),
(4714, 335, '532', 1, 27, 0),
(4715, 277, '533', 0, 21, 126),
(4716, 296, '534', 0, 19, 0),
(4717, 306, '535', 0, 22, 0),
(4718, 301, '536', 0, 19, 76),
(4719, 330, '537', 0, 35, 0),
(4720, 306, '538', 0, 21, 32),
(4721, 303, '538а', 0, 20, 14),
(4722, 277, '539', 0, 22, 0),
(4723, 277, '539а', 0, 21, 51),
(4724, 326, '540', 0, 21, 120),
(4725, 335, '541', 0, 21, 117),
(4726, 279, '542', 0, 19, 16),
(4727, 274, '543', 0, 21, 114),
(4728, 274, '544', 0, 20, 20),
(4729, 274, '545', 0, 19, 32),
(4730, 274, '546', 0, 22, 0),
(4731, 274, '547', 0, 22, 0),
(4732, 335, '548', 0, 26, 0),
(4733, 335, '549', 1, 27, 0),
(4734, 326, '549а', 0, 21, 32),
(4735, 335, '550', 0, 26, 0),
(4736, 335, '551', 0, 26, 0),
(4737, 335, '552', 0, 26, 0),
(4738, 335, '553', 0, 26, 0),
(4739, 335, '554', 0, 26, 0),
(4740, 335, '555', 0, 26, 0),
(4741, 335, '556', 0, 26, 0),
(4742, 335, '557', 0, 26, 0),
(4743, 335, '558', 0, 26, 0),
(4744, 335, '559', 0, 26, 0),
(4745, 335, '560', 0, 26, 0),
(4746, 335, '561', 0, 26, 0),
(4747, 335, '562', 0, 26, 0),
(4748, 335, '563', 0, 26, 0),
(4749, 335, '564', 0, 26, 0),
(4750, 335, '565', 0, 26, 0),
(4751, 335, '566', 0, 26, 0),
(4752, 335, '567', 0, 26, 0),
(4753, 335, '568', 0, 26, 0),
(4754, 335, '569', 0, 26, 0),
(4755, 335, '570', 0, 26, 0),
(4756, 335, '571', 0, 26, 0),
(4757, 335, '572', 0, 26, 0),
(4758, 335, '573', 0, 26, 0),
(4759, 335, '574', 0, 26, 0),
(4760, 335, '575', 0, 26, 0),
(4761, 335, '576', 0, 26, 0),
(4762, 335, '577', 0, 26, 0),
(4763, 335, '578', 0, 26, 0),
(4764, 335, '579', 0, 26, 0),
(4765, 335, '580', 0, 26, 0),
(4766, 335, '581', 0, 26, 0),
(4767, 335, '582', 0, 26, 0),
(4768, 335, '583', 0, 26, 0),
(4769, 335, '584', 0, 26, 0),
(4770, 335, '585', 0, 26, 0),
(4771, 335, '586', 0, 26, 0),
(4772, 335, '587', 0, 26, 0),
(4773, 335, '588', 0, 26, 0),
(4774, 335, '589', 0, 26, 0),
(4775, 335, '590', 0, 26, 0),
(4776, 335, '591', 0, 26, 0),
(4777, 335, '592', 0, 26, 0),
(4778, 335, '593', 0, 26, 0),
(4779, 335, '594', 0, 26, 0),
(4780, 335, '595', 0, 26, 0),
(4781, 335, '596', 0, 26, 0),
(4782, 335, '597', 0, 26, 0),
(4783, 335, '598', 0, 26, 0),
(4784, 335, '599', 0, 26, 0),
(4785, 335, '600', 1, 26, 0);

-- --------------------------------------------------------

--
-- Структура таблицы `auditory_type`
--

CREATE TABLE `auditory_type` (
  `auditory_type_id` int(11) NOT NULL,
  `auditory_type_name` varchar(50) NOT NULL
) ENGINE=InnoDB DEFAULT CHARSET=utf8;

--
-- Дамп данных таблицы `auditory_type`
--

INSERT INTO `auditory_type` (`auditory_type_id`, `auditory_type_name`) VALUES
(19, 'лабораторія'),
(20, 'комп\'ютерний'),
(21, 'лекційна'),
(22, 'викладацька'),
(23, 'кафедра'),
(24, 'аспірантська'),
(25, 'Зав.Каф.'),
(26, 'інші приміщення'),
(27, 'кабінет '),
(28, 'їдальня'),
(29, 'буфет'),
(30, 'аудиторія'),
(31, 'бібліотека'),
(32, 'диспетчерська'),
(33, 'зала для креслення'),
(34, 'актова зала'),
(35, 'обслуговуюча'),
(36, 'читальна зала');

-- --------------------------------------------------------

--
-- Структура таблицы `department`
--

CREATE TABLE `department` (
  `department_id` int(11) NOT NULL,
  `faculty_id` int(11) NOT NULL,
  `full_name` varchar(255) NOT NULL,
  `short_name` varchar(50) NOT NULL
) ENGINE=InnoDB DEFAULT CHARSET=utf8;

--
-- Дамп данных таблицы `department`
--

INSERT INTO `department` (`department_id`, `faculty_id`, `full_name`, `short_name`) VALUES
(269, 43, 'Автомобілів', 'Автомобілів'),
(270, 55, 'Будівельного виробництва та управління проектами', 'БВтаУП'),
(271, 47, 'Вищої математики', 'ВМ'),
(272, 56, 'Військової підготовки', 'ВП'),
(273, 43, 'Двигунів внутрішнього згорання', 'ДВЗ'),
(274, 47, 'Деталей машин і підйомно-транспортних механізмів', 'ДМіПТМ'),
(275, 55, 'Дизайну', 'Дизайну'),
(276, 52, 'Економіки та митної справи', 'ЕтаМС'),
(277, 45, 'Економічної теорії та підприємництва', 'ЕТтаП'),
(278, 46, 'Електричних машин', 'ЕМ'),
(279, 46, 'Електричних та електронних апаратів', 'ЕтаЕА'),
(280, 46, 'Електропостачання промислових підприємств', 'ЕПП'),
(281, 46, 'Електроприводу та автоматизації промислових установок', 'ЕтаАПУ'),
(282, 53, 'Журналістики', 'Журналістики'),
(283, 54, 'Загальноправових та політичних наук', 'ЗПтаПН'),
(284, 48, 'Захисту інформації', 'ЗІ'),
(285, 46, 'Іноземних мов', 'Ін.Мов'),
(286, 52, 'Іноземної мови професійного спілкування', 'ІМПС'),
(287, 52, 'Інформаційних технологій в туризмі', 'ІтТ'),
(288, 48, 'Інформаційних технологій електронних засобів', 'ІТЕЗ'),
(289, 55, 'Композиційних матеріалів, хімії та технологій', 'КМХтаТ'),
(290, 50, 'Комп\'ютерних систем та мереж', 'КСтаМ'),
(291, 54, 'Конституційного, адміністративного та трудового права', 'КАтаТП'),
(292, 54, 'Кримінального, цивільного та міжнародного права', 'КЦтаМП'),
(293, 45, 'Маркетингу та логістики', 'Марк.та Лог.'),
(294, 44, 'Машин і технологій ливарного виробництва', 'МіТЛВ'),
(295, 45, 'Менеджменту', 'Менеджменту'),
(296, 47, 'Металорізальних верстатів та інструментів', 'МРВтаІ'),
(297, 55, 'Механіки', 'Механіки'),
(298, 49, 'Міжнародних економічних відносин', 'МЕВ'),
(299, 48, 'Мікро- та наноелектроніки', 'МтаНЕ'),
(300, 43, 'Нарисної геометрії,інженерної та комп\'ютерної графіки', 'НГІтаКГ'),
(301, 44, 'Обладнання та технології зварювального виробництва', 'ОтаТЗВ'),
(302, 45, 'Обліку і оподаткування', 'ОіО'),
(303, 47, 'Обробки металів тиском', 'ОМТ'),
(304, 55, 'Охорони праці і навколишнього середовища', 'ОПіНС'),
(305, 55, 'Підприємництва, торгівлі та біржової діяльності', 'ПТтаБД'),
(306, 49, 'Політології та права', 'ПтаП'),
(307, 48, 'Прикладної математики', 'ПМ'),
(308, 50, 'Програмних засобів', 'ПЗ'),
(309, 53, 'Психології', 'Психології'),
(310, 48, 'Радіотехніки та телекомунікацій', 'РтаТ'),
(311, 50, 'Системного аналізу та обчислювальної математики', 'САтаОМ'),
(312, 53, 'Соціальної роботи та психології', 'СоцРтаП'),
(313, 51, 'Спеціальної освіти', 'СО'),
(314, 46, 'Теоретичної і загальної електротехніки', 'ТіЗЕ'),
(315, 49, 'Теорії та практики перекладу', 'ТтаПП'),
(316, 47, 'Технології авіаційних двигунів', 'ТАД'),
(317, 47, 'Технології машинобудування', 'ТМБ'),
(318, 43, 'Транспортних технологій', 'ТТ'),
(319, 52, 'Туристичного,готельного та ресторанного бізнесу', 'ТГтаРБ'),
(320, 49, 'Українознавства та загальної мовної підготовки', 'УтаЗМП'),
(321, 51, 'Управління фізичною культурою та спортом', 'УФКтаС'),
(322, 46, 'Фізики', 'Фізики'),
(323, 44, 'Фізичного матеріалознавства', 'ФМ'),
(324, 45, 'Фізичної культури, олімпійських та неолімпійських видів спорту', 'ФКОтаНВС'),
(325, 51, 'Фізичної терапії та ерготерапії', 'ФТтаЕ'),
(326, 49, 'Філософії', 'Філософії'),
(327, 45, 'Фінансів, банківської справи та страхування', 'ФБСтаС'),
(328, 56, 'Лабораторія Технічного Прогресу', 'ЛТП'),
(329, 56, 'Приймальна комісія', 'Приймальна комісія'),
(330, 56, 'Госп.відділ', 'Госп.відділ'),
(331, 56, 'Бібліотека', 'Бібліотека'),
(332, 56, 'Іноз. Студ.', 'Іноз. Студ.'),
(333, 56, 'Підготовчі курси', 'Підготовчі курси'),
(334, 56, 'Головний механік', 'Головний механік'),
(335, 56, 'БЕЗІМЕННИЙ ПІДРОЗДІЛ', 'БЕЗІМЕННИЙ ПІДРОЗДІЛ');

-- --------------------------------------------------------

--
-- Структура таблицы `discipline`
--

CREATE TABLE `discipline` (
  `discipline_id` int(11) NOT NULL,
  `full_name` varchar(255) NOT NULL,
  `short_name` varchar(10) DEFAULT NULL
) ENGINE=InnoDB DEFAULT CHARSET=utf8;

--
-- Дамп данных таблицы `discipline`
--

INSERT INTO `discipline` (`discipline_id`, `full_name`, `short_name`) VALUES
(1, 'CALS технології', NULL),
(2, 'CMS, CRM системи та технології', NULL),
(3, 'CАD/CAE систем для ПТДБМ машин', NULL),
(4, 'HTML програмування', NULL),
(5, 'Internet маркетинг', NULL),
(6, 'PR-технології в економіці', NULL),
(7, 'PR-технології в міжнародних відносинах / Європейська економічна інтеграція', NULL),
(8, 'Scada-системи', NULL),
(9, 'Time-менеджмент', NULL),
(10, 'web-програмування', NULL),
(11, 'WEB-технології та WEB-дизайн', NULL),
(12, 'Авіаційні матеріали', NULL),
(13, 'Авіаційні поршневі двигуни', NULL),
(14, 'Автоматизація бухгалтерського обліку', NULL),
(15, 'Автоматизація виробничих процесів', NULL),
(16, 'Автоматизація виробничих процесів та мікропроцесорна техніка', NULL),
(17, 'Автоматизація конструкторсько-технологічного проектуваня електронних апаратів', NULL),
(18, 'Автоматизація ливарного виробництва', NULL),
(19, 'Автоматизація проектування електричних та електронних апаратів', NULL),
(20, 'Автоматизація технологічних комплексів', NULL),
(21, 'Автоматизоване проектування вузлів ПТДБМ машин', NULL),
(22, 'Автоматизоване проектування елементів автотранспортних засобів та засобів їх діагностування', NULL),
(23, 'Автоматизоване проектування ТП АД', NULL),
(24, 'Автоматизоване проектування штампового оснащення та процесів ковальсько-штампувального виробництва', NULL),
(25, 'Автоматизовані системи обліку та керування енергозбереженням', NULL),
(26, 'Автоматизовані системи технологічної підготовки виробництва', NULL),
(27, 'Автоматика, телемеханіка і зв\'язок ', NULL),
(28, 'Автоматичне керування зварюванням', NULL),
(29, 'Автоматичне регулювання двигунів внутрішнього згорання', NULL),
(30, 'Автомобілі. Основи конструкції', NULL),
(31, 'Автомобільні кузови', NULL),
(32, 'Автомобільні транспортні засоби', NULL),
(33, 'Автомобільні шляхи', NULL),
(34, 'Авторська друкована графіка і фотографіка   ', NULL),
(35, 'Авторське право', NULL),
(36, 'Автотехнічна експертиза', NULL),
(37, 'Агентно-орієнтоване програмування', NULL),
(38, 'Агенційна журналістика', NULL),
(39, 'Аграрне право', NULL),
(40, 'Агрегати та системи  ГТД', NULL),
(41, 'Адаптивне фізичне виховання', NULL),
(42, 'Адвокатура України', NULL),
(43, 'Адміністративне право ', NULL),
(44, 'Адміністративне право', NULL),
(45, 'Адміністративне судочинство', NULL),
(46, 'Адміністративний менеджмент', NULL),
(47, 'Адміністрування комп\'ютерних систем', NULL),
(48, 'Адміністрування серверів мережевих служб', NULL),
(49, 'Аерогідрогазодинаміка та теорія польоту літальних апаратів', NULL),
(50, 'Академічний живопис', NULL),
(51, 'Активний туризм', NULL),
(52, 'Актуальні проблеми соціальної роботи', NULL),
(53, 'Актуальні проблеми сучасного суспільства ', NULL),
(54, 'Алгебра та геометрія', NULL),
(55, 'Алгоритми та методи обчислень', NULL),
(56, 'Алгоритми та структури даних', NULL),
(57, 'Алгоритмізація та програмування', NULL),
(58, 'Альтернативні конструкції двигунів', NULL),
(59, 'Аналіз банківської діяльності', NULL),
(60, 'Аналіз вимог до програмного забезпечення', NULL),
(61, 'Аналіз господарської діяльності', NULL),
(62, 'Аналіз даних та знань', NULL),
(63, 'Аналіз електронних схем', NULL),
(64, 'Аналіз і випробування металів', NULL),
(65, 'Аналіз стратегії виробничої діяльності підприємства', NULL),
(66, 'Аналіз умов експлуатації деталей машин та інструменту', NULL),
(67, 'Аналогова схемотехніка', NULL),
(68, 'Анатомія з патанатомією', NULL),
(69, 'Анатомія людини', NULL),
(70, 'Анатомія та еволюція нервової системи людини', NULL),
(71, 'Антени спеціального призначення та системи автоматизованого проектування антен', NULL),
(72, 'Антивірусні технології', NULL),
(73, 'Антикризове управління', NULL),
(74, 'Антикризовий менеджмент', NULL),
(75, 'Апарати управління', NULL),
(76, 'Архітектура будівель та споруд', NULL),
(77, 'Архітектура виробничих будівель і споруд', NULL),
(78, 'Архітектура і програмне забезпечення обчислювальних систем ', NULL),
(79, 'Архітектура комп’ютерів', NULL),
(80, 'Архітектура комп\'ютера', NULL),
(81, 'Архітектура та дизайн виробничого середовища', NULL),
(82, 'Архітектура та дизайн виробничого середовища/ Основи CAD-технологій', NULL),
(83, 'Архітектура та проектування програмного забезпечення', NULL),
(84, 'Архітектурна графіка та нарисна геометрія', NULL),
(85, 'Архітектурне проектування', NULL),
(86, 'Архітектурні конструкції', NULL),
(87, 'Атестація', NULL),
(88, 'Атестація (Екзамен з економічної теорії)', NULL),
(89, 'Атестація (Комплексний кваліфікаційний екзамен з другої іноземної мови)', NULL),
(90, 'Атлетизм', NULL),
(91, 'Аудит', NULL),
(92, 'Аудит персоналу', NULL),
(93, 'База даних в системах керування', NULL),
(94, 'Бази даних', NULL),
(95, 'Банківська система', NULL),
(96, 'Банківські операції', NULL),
(97, 'Бездротові технології', NULL),
(98, 'Безпека життєдіяльності фахівця з основами охорони праці', NULL),
(99, 'Безпека життєдіяльності фахівця з основами охорони праці ', NULL),
(100, 'Безпека інформаційних та комунікаційних систем', NULL),
(101, 'Безпека програм та даних', NULL),
(102, 'Біомеханіка', NULL),
(103, 'Біохімія', NULL),
(104, 'Біржова діяльність', NULL),
(105, 'Біржова справа', NULL),
(106, 'Біржовий ринок', NULL),
(107, 'Бренд-менеджмент', NULL),
(108, 'Брокерська діяльність', NULL),
(109, 'Будівельна механіка', NULL),
(110, 'Будівельна механіка (с/к)', NULL),
(111, 'Будівельна фізика.Обробчі матеріали/ Технології меблевих виробів', NULL),
(112, 'Будівельне матеріалознавство', NULL),
(113, 'Будівельні конструкції', NULL),
(114, 'Будівельні машини та обладнання', NULL),
(115, 'Будівництво та експлуатація інженерних мереж', NULL),
(116, 'Бухгалтерський облік', NULL),
(117, 'Бухгалтерський облік (загальна теорія)', NULL),
(118, 'Бухгалтерський облік, фінанси, грошовий обіг та аудит турпідприємств', NULL),
(119, 'Бюджетна система', NULL),
(120, 'Бюджетний менеджмент', NULL),
(121, 'Вакуумна та плазмова електроніка', NULL),
(122, 'Валютний ринок', NULL),
(123, 'Вантажні автомобільні перевезення', NULL),
(124, 'Вантажні залізничні перевезення', NULL),
(125, 'Вантажознавство', NULL),
(126, 'Вантажопідйомна, транспортуюча та транспортна техніка', NULL),
(127, 'Вбудовані операційні системи', NULL),
(128, 'Верифікація цифрових систем', NULL),
(129, 'Вестфальська система і військові конфлікти', NULL),
(130, 'Взаємодія видів транспорту', NULL),
(131, 'Взаємозамінність, стандартизація та технічні вимірювання', NULL),
(132, 'Взаємозамінність,стандартизація та технічні вимірюван', NULL),
(133, 'Виборчі системи', NULL),
(134, 'Видавнича справа та редагування', NULL),
(135, 'Використання ЕОМ при діагностиці автомобіля', NULL),
(136, 'Використання службових собак у діяльності приватної охорони', NULL),
(137, 'Вимірювальна техніка', NULL),
(138, 'Вимірювальні системи та сертифікація', NULL),
(139, 'Випадкові процеси', NULL),
(140, 'Випробування, діагностика, діагностичне обладнання', NULL),
(141, 'Випробування, експлуатація і ремонт електротехнічних пристроїв', NULL),
(142, 'Випробування, експлуатація та ремонт еректромеханічних пристроїв', NULL),
(143, 'Виробництво виливків із кольорових сплавів', NULL),
(144, 'Виробництво деталей та складання двигунів внутрішнього згорання', NULL),
(145, 'Виробництво електронних апаратів', NULL),
(146, 'Виробництво зварних конструкцій', NULL),
(147, 'Виробництво ПТМ', NULL),
(148, 'Виробнича (загальноекономічна) практика', NULL),
(149, 'Виробнича (зовнішньоекономічна) практика', NULL),
(150, 'Виробнича (Конструкторсько-технологічна) практика', NULL),
(151, 'Виробнича (навчальна) практика', NULL),
(152, 'Виробнича (науково-перекладацька) практика', NULL),
(153, 'Виробнича (перекладацька) практика', NULL),
(154, 'Виробнича (проектно-конструкторська) практика', NULL),
(155, 'Виробнича (техніко-економічна) практика', NULL),
(156, 'Виробнича (фахова) практика', NULL),
(157, 'Виробнича база будівництва', NULL),
(158, 'Виробнича практика', NULL),
(159, 'Виробнича практика ', NULL),
(160, 'Виробнича практика (Педагогічна практика)', NULL),
(161, 'Виробнича практика (розрахунково-економічна практика)', NULL),
(162, 'Виробнича практика (Технологічна)', NULL),
(163, 'Виробничаа практика', NULL),
(164, 'Високотемпературна корозія матеріалів ГТУ', NULL),
(165, 'Виховання дітей з тяжкими вадами мовлення', NULL),
(166, 'Вища математика', NULL),
(167, 'Вища математика. Лінійна алгебра та аналітична геометрія', NULL),
(168, 'Вища математика. Математичний аналіз', NULL),
(169, 'Вища та прикладна математика', NULL),
(170, 'Вікова психологія', NULL),
(171, 'Вікова фізіологія', NULL),
(172, 'Волоконно-оптичні системи передачі інформації', NULL),
(173, 'Вступ до будівельної справи', NULL),
(174, 'Вступ до загального та германського мовознавства', NULL),
(175, 'Вступ до ливарної справи', NULL),
(176, 'Вступ до спеціальності', NULL),
(177, 'Вступ до спеціальності ', NULL),
(178, 'Вступ до спеціальності. Технічні засоби виробництва.', NULL),
(179, 'Вступ до університетських студій і спеціальності', NULL),
(180, 'Газетно-журнальне виробництво', NULL),
(181, 'Газова динаміка та агрегати наддуву', NULL),
(182, 'Газополуменева обробка металів', NULL),
(183, 'Газотурбинні двигуни наземного використання', NULL),
(184, 'Гендерна проблематика ЗМІ / Мистецька проблематика ЗМІ', NULL),
(185, 'Генеральний план підприємств та транспортних вузлів', NULL),
(186, 'Геополітика', NULL),
(187, 'Геронтологія', NULL),
(188, 'Гігієна', NULL),
(189, 'Гігієна і санітарія в галузі', NULL),
(190, 'Гігієна фізичного виховання і спорту', NULL),
(191, 'Гідравліка, гідро- та пневмоприводи', NULL),
(192, 'Гідрогазодинаміка', NULL),
(193, 'Гімнастика з методикою викладання', NULL),
(194, 'Глобалізація і транснаціаналізація світової економіки', NULL),
(195, 'Глобалізація і транснаціоналізація світової економіки', NULL),
(196, 'Глобальна інформаційна інфраструктура', NULL),
(197, 'Господарське право', NULL),
(198, 'Господарське та адміністративне право', NULL),
(199, 'Господарський аналіз', NULL),
(200, 'Господарський процес ', NULL),
(201, 'Готельні анімаційні послуги', NULL),
(202, 'Гроші і кредит', NULL),
(203, 'Гроші та кредит', NULL),
(204, 'Групова динаміка і комунікації', NULL),
(205, 'Групові технологічні процеси', NULL),
(206, 'Державна служба', NULL),
(207, 'Державне (конституційне) право зарубіжних країн', NULL),
(208, 'Державне та регіональне управління', NULL),
(209, 'Деталі машин', NULL),
(210, 'Деталі машин та основи взаємозамінності', NULL),
(211, 'Дефектологія', NULL),
(212, 'Диагностика АД та ЕУ', NULL),
(213, 'Динаміка двигунів внутрішнього згорання', NULL),
(214, 'Дипломування', NULL),
(215, 'Дискретна автоматика', NULL),
(216, 'Дискретна математика', NULL),
(217, 'Дискретні структури', NULL),
(218, 'Діагностика і дефектоскопія матеріалів та виробів', NULL),
(219, 'Діагностика і моніторинг стану здоров\'я', NULL),
(220, 'Діагностика та надійність', NULL),
(221, 'Діагностика та прогнозуваня діяльності підприємства', NULL),
(222, 'Діагностика технічного стану двигунів внутрішнього згорання', NULL),
(223, 'Ділова іноземна мова', NULL),
(224, 'Діловодство в туризмі', NULL),
(225, 'Діловодство охоронного підприємства', NULL),
(226, 'Договірне право', NULL),
(227, 'Додаткові розділи теорії та технології порошкових, композиційних матеріалів', NULL),
(228, 'Документознавство', NULL),
(229, 'Документознавство та договірні відномини', NULL),
(230, 'Долікарська медична допомога у невідкладних станах ', NULL),
(231, 'Долікарська медична допомога у невідкладних станах', NULL),
(232, 'Допоміжне обладнання для зварювання, наплавлення та напилення', NULL),
(233, 'Дорожні машини', NULL),
(234, 'Дослідження операцій в транспортних системах', NULL),
(235, 'Дослідження та випробування електричних та електронних апаратів', NULL),
(236, 'Дослідження та випробування механічних систем', NULL),
(237, 'Друга іноземна мова', NULL),
(238, 'Еволюційне моделювання', NULL),
(239, 'Екологічна проблематика ЗМІ / Літературна проблематика ЗМІ', NULL),
(240, 'Екологічна характеристика транспортних систем', NULL),
(241, 'Екологічне право', NULL),
(242, 'Екологія', NULL),
(243, 'Економетрика', NULL),
(244, 'Економетрика ', NULL),
(245, 'Економіка агропромислового комплексу', NULL),
(246, 'Економіка бізнес-структур', NULL),
(247, 'Економіка виробництва та переробки сільськогосподарської продукції', NULL),
(248, 'Економіка за видами діяльності', NULL),
(249, 'Економіка і організація виробництва', NULL),
(250, 'Економіка і організація інноваційної діяльності', NULL),
(251, 'Економіка і організація інноваційної діяльності ', NULL),
(252, 'Економіка і фінанси підприємства', NULL),
(253, 'Економіка нерухомості', NULL),
(254, 'Економіка підприємства', NULL),
(255, 'Економіка праці і соціально-трудові відносини', NULL),
(256, 'Економіка праці та соціально-трудові відносини', NULL),
(257, 'Економіка сільських територій', NULL),
(258, 'Економіка та договірні відносини в будівництві', NULL),
(259, 'Економіка та організація зовнішньоекономічної діяльності', NULL),
(260, 'Економіка та організація інвестиційної діяльності', NULL),
(261, 'Економіка та фінанси будівельних підприемств', NULL),
(262, 'Економіка торгівлі', NULL),
(263, 'Економіка торгівлі та біржової діяльності', NULL),
(264, 'Економіка транспорту', NULL),
(265, 'Економіка туризму/Ціноутворення в туризмі', NULL),
(266, 'Економіко-математичні моделі в економіці', NULL),
(267, 'Економіко-математичні моделі в управлінні та економіці', NULL),
(268, 'Економічна безпека', NULL),
(269, 'Економічна ефективність діяльності будівельного підприємства', NULL),
(270, 'Економічна соціологія', NULL),
(271, 'Економічна соціологія ', NULL),
(272, 'Економічна статистика', NULL),
(273, 'Економічна теорія', NULL),
(274, 'Економічна теорія  ', NULL),
(275, 'Економічний аналіз', NULL),
(276, 'Економічний механізм маркетингу', NULL),
(277, 'Економічний поступ підприємництва', NULL),
(278, 'Економічний ризик і методи його вимірювання', NULL),
(279, 'Економічні аспекти управління якістю', NULL),
(280, 'Експериментальна психологія', NULL),
(281, 'Експертні дослідження при руйнуванні виробів', NULL),
(282, 'Експертні системи', NULL),
(283, 'Експлуатаційні властивості автомобіля', NULL),
(284, 'Експлуатація електричних та електронних апаратів', NULL),
(285, 'Експлуатація електричних установок', NULL),
(286, 'Експлуатація та обслуговування АД та ЕУ', NULL),
(287, 'Експлуатація та обслуговування верстатів', NULL),
(288, 'Експлуатація та обслуговування машин', NULL),
(289, 'Експлуатація та обслуговування машин і оснастки', NULL),
(290, 'Експлуатація та ремонт машин і двигунів внутрішнього згорання', NULL),
(291, 'Експлуатація та ремонт обладнання енергоємних виробництв', NULL),
(292, 'Електрична частина станцій та підстанцій', NULL),
(293, 'Електричне обладнання двигунів внутрішнього згорання', NULL),
(294, 'Електричні апарати', NULL),
(295, 'Електричні апарати високої напруги', NULL),
(296, 'Електричні машини', NULL),
(297, 'Електричні системи та мережі', NULL),
(298, 'Електро та радіоматеріали', NULL),
(299, 'Електро- та радіоматеріали', NULL),
(300, 'Електроживлення систем зв\'язку', NULL),
(301, 'Електромагнітні перехідні процеси', NULL),
(302, 'Електромеханічні апарати автоматики', NULL),
(303, 'Електромеханічні перехідні процеси', NULL),
(304, 'Електромеханічні та електронні системи енергоємних виробництв', NULL),
(305, 'Електроніка та основи схемотехніки', NULL),
(306, 'Електронна безпека підприємства', NULL),
(307, 'Електронна комерція', NULL),
(308, 'Електронна торгівля', NULL),
(309, 'Електронна торгівля на ринку FOREX ', NULL),
(310, 'Електронне обладнання систем автомобілів', NULL),
(311, 'Електронні гроші та криптовалюти', NULL),
(312, 'Електронні послуги на місцевому рівні', NULL),
(313, 'Електронні системи', NULL),
(314, 'Електронні системи двигунів внутрішнього згорання', NULL),
(315, 'Електронні та квантові прилади надвисоких частот', NULL),
(316, 'Електронні та мікропроцесорні пристрої та системи', NULL),
(317, 'Електропостачання', NULL),
(318, 'Електропостачання промислових підприємств', NULL),
(319, 'Електропривод і системи керування ПТДБМ машин', NULL),
(320, 'Електротехніка та електроніка', NULL),
(321, 'Електротехніка та електроніка ', NULL),
(322, 'Електротехніка, електроніка та мікропроцесорна техніка', NULL),
(323, 'Електротехнічні матеріали', NULL),
(324, 'Електротехнічні пристрої', NULL),
(325, 'Електротехнологічні установки', NULL),
(326, 'Елементи автоматизованого електропривода', NULL),
(327, 'Елементи та прилади наноелектроніки', NULL),
(328, 'Елементи та системи автоматики енергоємних виробництв', NULL),
(329, 'Енергетична електроніка', NULL),
(330, 'Енергетичний аудит', NULL),
(331, 'Енергетичний менеджмент та аудит', NULL),
(332, 'Енергетичні установки', NULL),
(333, 'Енергозбереження', NULL),
(334, 'Енергозбереження в технологічних установках енергоємних виробництв', NULL),
(335, 'Енергозбереження в технологічних установках та будівлях', NULL),
(336, 'Ергономіка/ Введення до комп\'ютерних технологій', NULL),
(337, 'Естетика товарів та дизайн', NULL),
(338, 'Етика ділового спілкування', NULL),
(339, 'Етнополітологія', NULL),
(340, 'Євроінтеграційні процеси та збережння національної ідентичності', NULL),
(341, 'Європейська система захисту прав людини', NULL),
(342, 'Житлове право', NULL),
(343, 'Жудожнє кування', NULL),
(344, 'Журналістська етика', NULL),
(345, 'Журналістське розслідування', NULL),
(346, 'Журналістські посади', NULL),
(347, 'Забезпечення прав людини у правоохоронній діяльності', NULL),
(348, 'Загальна електротехніка', NULL),
(349, 'Загальна психологія', NULL),
(350, 'Загальна соціологічна теорія', NULL),
(351, 'Загальна соціологічна теорія ', NULL),
(352, 'Загальна соціологія', NULL),
(353, 'Загальна та кримінальна сексологія', NULL),
(354, 'Загальна теорія здоров\'я', NULL),
(355, 'Загальна теорія політики', NULL),
(356, 'Загальна фізика', NULL),
(357, 'Загальне термінознавство та аналітико-синтетична обробка наукових документів', NULL),
(358, 'Загальний курс транспорту', NULL),
(359, 'Загальні основи оперативно-розшукової діяльності та криміналістики', NULL),
(360, 'Загальноекономічна практика', NULL),
(361, 'Залізобетонні та кам\'яні конструкції', NULL),
(362, 'Зарубіжна література', NULL),
(363, 'Засоби автоматики і телемеханіки', NULL),
(364, 'Засоби приймання та обробки інформації в системах технічного захисту інформації', NULL),
(365, 'Захист інформації в інформаційно-комунікаційних системах. Захист програм і даних', NULL),
(366, 'Захист інформації в телекомунікаційних системах та мережах', NULL),
(367, 'Захист інформації і її носіїв', NULL),
(368, 'Захист інформації у комп’ютерних системах', NULL),
(369, 'Захист прав споживача/Правове регулювання захисту прав споживача', NULL),
(370, 'Захист програм і даних', NULL),
(371, 'Захищені операційні системи та бази даних', NULL),
(372, 'Захищені телекомунікаційні технології', NULL),
(373, 'Зварювальні джерела живлення', NULL),
(374, 'Зварювальні матеріали', NULL),
(375, 'Зварювання пластмас та склеювання металів', NULL),
(376, 'Зварювання та наплавлення спец сталей і сплавів', NULL),
(377, 'Зведення і монтаж будівель та споруд', NULL),
(378, 'Звичаї та традиції народів світу', NULL),
(379, 'Звичаї та традиції народів світу / Технологія гостинності', NULL),
(380, 'Звітність підприємств', NULL),
(381, 'Звітність підприємства', NULL),
(382, 'Земельне право ', NULL),
(383, 'Зміцнюючі технології у виробництві деталей машин', NULL),
(384, 'Зовнішні впливи на електронні апарати і засоби захисту', NULL),
(385, 'Зовнішня політика', NULL),
(386, 'Зовнішньоекономічна діяльність підприємства', NULL),
(387, 'Зовнішньоекономічна діяльність підприємства: зовнішньоекономічні операції і контракти', NULL),
(388, 'Зоопсихологія та порівняльна психологія', NULL),
(389, 'Ігри в логопедичній роботі', NULL),
(390, 'Ізоляція установок високої напруги', NULL),
(391, 'Іміджеологія та риторика', NULL),
(392, 'Інвестиційна діяльність', NULL),
(393, 'Інвестиційний аналіз', NULL),
(394, 'Інвестиційний менеджмент', NULL),
(395, 'Інвестування', NULL),
(396, 'Інвестування регіонального розвитку', NULL),
(397, 'Інженерія вбудованих систем', NULL),
(398, 'Інженерія інтегрованих середовищ розробки', NULL),
(399, 'Інженерія інтелектуальних систем', NULL),
(400, 'Інженерія програмного забезпечення', NULL),
(401, 'Інженерна геодезія', NULL),
(402, 'Інженерна геологія і основи механіки ґрунтів', NULL),
(403, 'Інженерна графіка', NULL),
(404, 'Інженерна графіка та перспектива', NULL),
(405, 'Інженерна і комп’ютерна графіка', NULL),
(406, 'Інженерна механіка', NULL),
(407, 'Інженерна та комп\'ютерна графіка', NULL),
(408, 'Інженерне проектування електричних машин та трансформаторів', NULL),
(409, 'Інженерні вишукування', NULL),
(410, 'Інженерні коммунікації в будівництві', NULL),
(411, 'Інженерні методи досліджень АД та ЕУ', NULL),
(412, 'Інноваційна стратегія', NULL),
(413, 'Інноваційне підпрємництво', NULL),
(414, 'Інноваційний менеджмент', NULL),
(415, 'Інноваційний розвиток підприємства', NULL),
(416, 'Іноземна мова', NULL),
(417, 'Іноземна мова ', NULL),
(418, 'Іноземна мова (за професійним спрямуванням)', NULL),
(419, 'Іноземна мова в галузі', NULL),
(420, 'Іноземна мова за професійним спрямуванням', NULL),
(421, 'Іноземна мова спеціальності', NULL),
(422, 'Інструментальне забезпечення виробництва авіаційних двигунів', NULL),
(423, 'Інтегровані транспортні системи', NULL),
(424, 'Інтелектуальна безпека/Логіка', NULL),
(425, 'Інтелектуальна власність', NULL),
(426, 'Інтелектуальний аналіз даних', NULL),
(427, 'Інтелектуальні системи підтримки прийняття рішень', NULL),
(428, 'Інтелектуальні системи та розпізнавання образів', NULL),
(429, 'Інтернет-технології в бізнесі', NULL),
(430, 'Інтерфейси і пристрої зв\'язку з об\'єктом', NULL),
(431, 'Інфокомунікаційні технології', NULL),
(432, 'Інформарційні системи і технології в маркетингу', NULL),
(433, 'Інформарційні системи і технології в торгівлі', NULL),
(434, 'Інформатика', NULL),
(435, 'Інформатика та комп. техніка', NULL),
(436, 'Інформатика та комп’ютерна техніка', NULL),
(437, 'Інформатика та комп’ютерна техніка ', NULL),
(438, 'Інформатика та комп\'ютерна техніка', NULL),
(439, 'Інформатика та комп\'ютерна техніка/Інформаційні системи в туризмі', NULL),
(440, 'Інформатика та обчислювальна техніка', NULL),
(441, 'Інформатика. Обчислювальна математика', NULL),
(442, 'Інформаційна діяльність та кібербезпека', NULL),
(443, 'Інформаційна політика та безпека', NULL),
(444, 'Інформаційний бізнес', NULL),
(445, 'Інформаційні війни та медіатероризм', NULL),
(446, 'Інформаційні ресурси та сервіси публічного адміністрування', NULL),
(447, 'Інформаційні системи в публічному управлінні', NULL),
(448, 'Інформаційні системи в управлінні персоналом та економіці праці', NULL),
(449, 'Інформаційні системи і технології', NULL),
(450, 'Інформаційні системи і технології в обліку та аудиті', NULL),
(451, 'Інформаційні системи і технології у фінансах', NULL),
(452, 'Інформаційні системи та економіко-математичні моделі упрпавлінських процесів', NULL),
(453, 'Інформаційні системи та технології', NULL),
(454, 'Інформаційні технології', NULL),
(455, 'Інформаційні технології в будівництві', NULL),
(456, 'Інформаційні технології в логопедії', NULL),
(457, 'Інформаційні технології в реабілітації', NULL),
(458, 'Інформаційні технології в фізвихованні та спорті', NULL),
(459, 'Інформаційні технології. Основи інформатики та прикладної лінгвістики', NULL),
(460, 'Інформаційно-вимірювальні пристрої', NULL),
(461, 'Інформаційно-комунікаційний менеджмент', NULL),
(462, 'Інфраструктура енергоринку', NULL),
(463, 'Інфраструктура логістичних процесів', NULL),
(464, 'Історія графічного дизайну', NULL),
(465, 'Історія держави і права зарубіжних країн', NULL),
(466, 'Історія держави і права України (Історія України)', NULL),
(467, 'Історія дизайну', NULL),
(468, 'Історія економіки та економічної думки', NULL),
(469, 'Історія зарубіжної журналістики', NULL),
(470, 'Історія зарубіжної журналістики.', NULL),
(471, 'Історія зарубіжної літератури', NULL),
(472, 'Історія інтер\'єру', NULL),
(473, 'Історія мистецтв та архітектури', NULL),
(474, 'Історія міжнародних економічних відносин', NULL),
(475, 'Історія науки і техніки', NULL),
(476, 'Історія основної іноземної мови. Переклад як засіб комунікації.', NULL),
(477, 'Історія політичних вчень', NULL),
(478, 'Історія психології', NULL),
(479, 'Історія розвитку індустрії гостинності', NULL),
(480, 'Історія розвитку малювання, ліпки та виробів із металу', NULL),
(481, 'Історія розвитку світового туризму', NULL),
(482, 'Історія світових цивілізацій', NULL),
(483, 'Історія соціальної роботи', NULL),
(484, 'Історія соціології та соціологічних вчень', NULL),
(485, 'Історія соціології та соціологічних вчень ', NULL),
(486, 'Історія України', NULL),
(487, 'Історія України ', NULL),
(488, 'Історія української журналістики', NULL),
(489, 'Історія української культури', NULL),
(490, 'Історія української культури / Іноземна мова професійного спрямування', NULL),
(491, 'Історія фізичної культури', NULL),
(492, 'Кадрова політика', NULL),
(493, 'Казначейська справа', NULL),
(494, 'Капітал підприємства: формування та оцінювання', NULL),
(495, 'Квантова електроніка', NULL),
(496, 'Квантова механіка', NULL),
(497, 'Квантові радіотехнічні пристрої і системи', NULL),
(498, 'Кінезіологія', NULL),
(499, 'Кінезіотерапія', NULL),
(500, 'Кінцеві пристрої абонентського доступу', NULL),
(501, 'Клінічна психологія', NULL),
(502, 'Клінічні основи РВД, ДЦП, ЗПР, РДА, осіб з вадами мовлення', NULL),
(503, 'КМА ВРТС робіт', NULL),
(504, 'Ковальсько-штампувальне обладнання. Механічні преси', NULL),
(505, 'Ковальсько-штампувальне обладнання. Молоти, гідравлічні та гвинтові преси', NULL),
(506, 'Колія та колійне господарство ', NULL),
(507, 'Кольорові метали і сплави ', NULL),
(508, 'Кольорові метали та сплави', NULL),
(509, 'Комерційна діяльність', NULL),
(510, 'Комерційна діяльність посередницьких підприємств', NULL),
(511, 'Комерційна логістика', NULL),
(512, 'Комерційна робота на транспорті', NULL),
(513, 'Комерційне товарознавство', NULL),
(514, 'Комп`ютерна електроніка', NULL),
(515, 'Комп`ютерні технології дизайну РЕЗ', NULL),
(516, 'Комп’ютерна графіка', NULL),
(517, 'Комп’ютерна дискретна математика', NULL),
(518, 'Комп’ютерна електроніка', NULL),
(519, 'Комп’ютерна схемотехніка', NULL),
(520, 'Комп’ютерне моделювання та проектування пристроїв цифрової електроніки', NULL),
(521, 'Комп’ютерні мережі', NULL),
(522, 'Комп’ютерні мережі та проектування Internet-ресурсів', NULL),
(523, 'Комп’ютерні системи', NULL),
(524, 'Комп’ютерні системи електроприводів', NULL),
(525, 'Комп’ютерні технології автоматизації', NULL),
(526, 'Комп’ютерні технології забезпечення якості продукції', NULL),
(527, 'Комп’ютерні технології статистичної обробки даних', NULL),
(528, 'Комплексний курсовий проект', NULL),
(529, 'Комплексний курсовий проект з АД та ЕУ', NULL),
(530, 'Комплексні системи захисту інформації: проектування, впровадження, супровід ', NULL),
(531, 'Комплексно-графічні системи конструкторської підготовки виробництва  авіаційних двигунів (ACAD)', NULL),
(532, 'Комп\'ютерна графіка', NULL),
(533, 'Комп\'ютерна логіка', NULL),
(534, 'Комп\'ютерна схемотехніка та архітектура комп\'ютерів', NULL),
(535, 'Комп\'ютерна техніка в наукових дослідженнях', NULL),
(536, 'Комп\'ютерна техніка з основами статистики', NULL),
(537, 'Комп\'ютерна техніка та методи математичної статистики', NULL),
(538, 'Комп\'ютерне забезпечення підготовки виробництва', NULL),
(539, 'Комп\'ютерне конструювання', NULL),
(540, 'Комп\'ютерне моделювання', NULL),
(541, 'Комп\'ютерні графічні системи', NULL),
(542, 'Комп\'ютерні графічні системи ', NULL),
(543, 'Комп\'ютерні графічні системи та їх програмне забезпечення', NULL),
(544, 'Комп\'ютерні мережі', NULL),
(545, 'Комп\'ютерні мережі та інтернет', NULL),
(546, 'Комп\'ютерні технології в графічному дизайні', NULL),
(547, 'Компьютерні методи моделювання структури та властивостей матеріалів', NULL),
(548, 'Комунікації в системі органів управління', NULL),
(549, 'Конституційне право України', NULL),
(550, 'Конституційні основи публічної влади', NULL),
(551, 'Конструкторсько-технологічна практика', NULL),
(552, 'Конструкції пристроїв надвисоких частот', NULL),
(553, 'Конструкційні матеріали', NULL),
(554, 'Конструкція  АД та ЕУ', NULL),
(555, 'Конструкція двигунів внутрішнього згорання', NULL),
(556, 'Конструкція та міцність  авіаційних двигунів ', NULL),
(557, 'Конструкція та проектування АД та ЕУ', NULL),
(558, 'Конструювання і виготовлення оснастки спеціальних видів лиття', NULL),
(559, 'Конструювання обладнання інтер\'єрів', NULL),
(560, 'Конструювання обладнання інтер\'єрів/ Конструювання меблів', NULL),
(561, 'Конструювання програмного забезпечення', NULL),
(562, 'Конструювання спецобладнання електротехнічної промисловості', NULL),
(563, 'Конструювання та виготовлення штампів', NULL),
(564, 'Конструювання та технології радіоелектронної апаратури', NULL),
(565, 'Контролінг', NULL),
(566, 'Контроль і випробування АД та ЕУ', NULL),
(567, 'Контроль якості зварювання', NULL),
(568, 'Контроль якості у ливарному виробництві', NULL),
(569, 'Контрольно-вимірювальні прилади', NULL),
(570, 'Конфліктологія', NULL),
(571, 'Конфліктологія в соціальній роботі', NULL),
(572, 'Корекційна педагогіка', NULL),
(573, 'Корекційно-реабілітаційні служби', NULL),
(574, 'Корозія та захист металів', NULL),
(575, 'Країнознавство', NULL),
(576, 'Криміналістика', NULL),
(577, 'Кримінальне право', NULL),
(578, 'Кримінальний процес', NULL),
(579, 'Кримінально-виконавче право', NULL),
(580, 'Кримінологія', NULL),
(581, 'Криптографія та стеганографія', NULL),
(582, 'Кристалографія і мінералогія', NULL),
(583, 'Кристалографія та дефекти кристалічної будови', NULL),
(584, 'Кросплатформне програмування', NULL),
(585, 'Крос-платформне програмування', NULL),
(586, 'Культура та техніка мовлення корекційного педагога / Риторика', NULL),
(587, 'Культурна проблематика ЗМІ / Історична проблематика ЗМІ', NULL),
(588, 'Курортна справа', NULL),
(589, 'Курсова науково-дослідна робота', NULL),
(590, 'Курсовий проект за фахом', NULL),
(591, 'Ландшафтний дизайн', NULL),
(592, 'Латинська мова', NULL),
(593, 'Легка атлетика з методикою викладання', NULL),
(594, 'Лексикологія', NULL),
(595, 'Ливарні сплави і плавка кольорових металів', NULL),
(596, 'Ливарні сплави і плавка сталей', NULL),
(597, 'Ливарні сплави і плавка чавунів', NULL),
(598, 'Лідерство та командоутворення', NULL),
(599, 'Лікувальна фізична культура', NULL),
(600, 'Лікувально-оздоровчі види гімнастики', NULL),
(601, 'Ліфти та підйомники', NULL),
(602, 'Ліцензування, акредитація, сертифікація у сфері  безпеки обєктів інформаційної діяльності', NULL),
(603, 'Логістика', NULL),
(604, 'Логістика в роздрібній торгівлі', NULL),
(605, 'Логопедичні технології', NULL),
(606, 'Логопедія', NULL),
(607, 'Логоритміка з методикою', NULL),
(608, 'Людино-машинна взаємодія', NULL),
(609, 'Макетування', NULL),
(610, 'Макетування/ Технології апсайклингу', NULL),
(611, 'Макроекономіка', NULL),
(612, 'Маркетинг', NULL),
(613, 'Маркетинг ', NULL),
(614, 'Маркетинг в туризмі', NULL),
(615, 'Маркетинг енергії', NULL),
(616, 'Маркетинг закупівель', NULL),
(617, 'Маркетинг охоронної діяльності', NULL),
(618, 'Маркетинг послуг', NULL),
(619, 'Маркетинг промислового підприємства', NULL),
(620, 'Маркетинг у банках', NULL),
(621, 'Маркетингова політика розподілу', NULL),
(622, 'Маркетинговий аудит', NULL),
(623, 'Маркетинговий менеджмент', NULL),
(624, 'Маркетингові дослідження', NULL),
(625, 'Маркетингові комунікації', NULL),
(626, 'Масаж', NULL),
(627, 'Математика в галузі', NULL),
(628, 'Математична логіка і теорія алгоритмів', NULL),
(629, 'Математичне забезпечення цифрових систем', NULL),
(630, 'Математичне моделювання', NULL),
(631, 'Математичне моделювання в системах автоматизованого проектування ', NULL),
(632, 'Математичне моделювання двигунів внутрішнього згорання', NULL),
(633, 'Математичні задачи  енергетики', NULL),
(634, 'Математичні методи в психології', NULL),
(635, 'Математичні методи дослідження операцій', NULL),
(636, 'Математичні методи оптимізації та дослідження операцій', NULL),
(637, 'Математичні методи системного аналізу', NULL),
(638, 'Математичні моделі та обчислювальні методи дослідження', NULL),
(639, 'Математичні основи подання знань ', NULL),
(640, 'Математичні основи системного аналізу', NULL),
(641, 'Математичні пакети прикладних програм', NULL),
(642, 'Матеріали для нанесення покриттів', NULL),
(643, 'Матеріали мікро- та наноелектроніки', NULL),
(644, 'Матеріалознавство', NULL),
(645, 'Матеріалознавство наноструктурованих матеріалів', NULL),
(646, 'Машини безперервного транспорту', NULL),
(647, 'Машини для виробництва будівельних матеріалів', NULL),
(648, 'Машини для земляних робіт', NULL),
(649, 'Машини з двигунами внутрішнього згорання', NULL),
(650, 'Машинобудівні матеріали', NULL),
(651, 'Медична підготовка при організації приватної охоронної діяльності', NULL),
(652, 'Медіабезпека (Безпека життєдіяльності журналіста)', NULL),
(653, 'Медіакритика', NULL),
(654, 'Медіаправо', NULL),
(655, 'Менеджмент', NULL),
(656, 'Менеджмент ', NULL),
(657, 'Менеджмент в галузі', NULL),
(658, 'Менеджмент житлового-господарського комплексу', NULL),
(659, 'Менеджмент і маркетинг підприємств зв\'язку', NULL),
(660, 'Менеджмент інформаційної безпеки', NULL),
(661, 'Менеджмент підприємств у сфері послуг', NULL),
(662, 'Менеджмент продуктивності', NULL),
(663, 'Менеджмент проектів програмного забезпечення', NULL),
(664, 'Менеджмент публічних установ та організацій', NULL),
(665, 'Менеджмент соціальної роботи', NULL),
(666, 'Менеджмент та маркетінгові дослідження', NULL),
(667, 'Менеджмент туризму', NULL),
(668, 'Менеджмент якості та сертифікація', NULL),
(669, 'Менеджмент-консалтинг', NULL),
(670, 'Мережеві технології, системи комутації і протоколи', NULL),
(671, 'Мережні інформаційні технології', NULL),
(672, 'Мерчендайзинг', NULL),
(673, 'Металеві конструкції', NULL),
(674, 'Метали і зварювання у будівництві', NULL),
(675, 'Металознавство', NULL),
(676, 'Металознавство і термічне оброблення', NULL),
(677, 'Металообробне обладнання', NULL),
(678, 'Металорізальні верстати та приводи', NULL),
(679, 'Металургія ливарних сплавів та технологія', NULL),
(680, 'Методи автоматизованого проектування', NULL),
(681, 'Методи випробування та основи сертифікації автомобіля', NULL),
(682, 'Методи випробування та основи сертифікації двигунів внутрішнього згорання', NULL),
(683, 'Методи діагностики та аналізу мікро- і наноструктур', NULL),
(684, 'Методи досліджень у лікарському контролі', NULL),
(685, 'Методи збору емпіричної інформації ', NULL),
(686, 'Методи і засоби захисту інформації', NULL),
(687, 'Методи комп\'ютерного  моделювання та розрахунку  АД та ЕУ ', NULL),
(688, 'Методи локальної поверхневої обробки та відновлення виробів', NULL),
(689, 'Методи обробки багатовимірних даних', NULL),
(690, 'Методи оптимізації та дослідження операцій', NULL),
(691, 'Методи побудови і аналізу криптосистем', NULL),
(692, 'Методи структурного аналізу матеріалів', NULL),
(693, 'Методи та алгоритми комп\'ютерної графіки', NULL),
(694, 'Методи та засоби дослідження РЕЗ', NULL),
(695, 'Методи та засоби захисту інформації в інформаційно-комунікаційних системах', NULL),
(696, 'Методи та засоби захисту інформації в системах технічного захисту інформації', NULL),
(697, 'Методи та параметри формоутворення поверхонь деталей  авіаційних двигунів', NULL),
(698, 'Методи та системи штучного інтелекту', NULL),
(699, 'Методи теоретичної фізики', NULL),
(700, 'Методи штучного інтелекту', NULL),
(701, 'Методика викладання суспільствознавчих дисциплін', NULL),
(702, 'Методика обробки соціологічних даних ', NULL),
(703, 'Методика соціальних досліджень', NULL),
(704, 'Методологія і логіка наукового дослідження ', NULL),
(705, 'Методологія інженерного проектування електромеханічних пристроїв та систем', NULL),
(706, 'Методологія організації державних систем стандартизації, сертифікації та управління якістю', NULL),
(707, 'Методологія педагогічних досліджень', NULL),
(708, 'Методологія політичних досліджень', NULL),
(709, 'Методологія та методи соціологічного дослідження / Методологі наукових досліджень ', NULL),
(710, 'Метрологічне забезпечення якості продукції', NULL),
(711, 'Метрологія', NULL),
(712, 'Метрологія та вимірювання', NULL),
(713, 'Метрологія, стандартизація та сертифікація', NULL),
(714, 'Механізація та автоматизація ливарного виробництва', NULL),
(715, 'Механізований інструмент', NULL),
(716, 'Механічні властивості та конструкційна міцність матеріалів', NULL),
(717, 'Механоскладальні дільниці та цехи', NULL),
(718, 'Мехатроніка та робототехніка', NULL),
(719, 'Митне право', NULL),
(720, 'Міждисциплінарний курсовий проект', NULL),
(721, 'Міжнародна економіка', NULL),
(722, 'Міжнародна економічна інтеграція', NULL),
(723, 'Міжнародна економічна інтеграція / Управління зовнішньоекономічною діяльністю', NULL),
(724, 'Міжнародна електронна торгівля', NULL),
(725, 'Міжнародна журналістика', NULL),
(726, 'Міжнародна логістика', NULL),
(727, 'Міжнародне економічне право', NULL),
(728, 'Міжнародне право', NULL),
(729, 'Міжнародне приватне право', NULL),
(730, 'Міжнародне публічне право', NULL),
(731, 'Міжнародне публічне управління', NULL),
(732, 'Міжнародний бізнес', NULL),
(733, 'Міжнародний маркетинг', NULL),
(734, 'Міжнародний менеджмент', NULL),
(735, 'Міжнародний менеджмент і маркетинг / Організація комерційної діяльності в країнах з ринковою економікою', NULL),
(736, 'Міжнародний туризм', NULL),
(737, 'Міжнародні валютно-кредитні відносини', NULL),
(738, 'Міжнародні економічні відносини', NULL),
(739, 'Міжнародні економічні інституції', NULL),
(740, 'Міжнародні інформаційні системи', NULL),
(741, 'Мікроекономіка', NULL),
(742, 'Мікроконтроллерні обчислювачі', NULL),
(743, 'Мікропроцесори в електронних апаратах', NULL),
(744, 'Мікропроцесори в системах та пристроях', NULL),
(745, 'Мікропроцесорна техніка', NULL),
(746, 'Мікропроцесорні пристрої керування та обробки інформації', NULL),
(747, 'Мікропроцесорні системи', NULL),
(748, 'Мікропроцесорні системи керування технологічними процесами', NULL),
(749, 'Мікропроцессорні пристрої', NULL),
(750, 'Мікрохвильова та оптоволоконна техніка в телекомунікаційних системах', NULL),
(751, 'Місцевий регіональний розвиток', NULL),
(752, 'Місцеві фінанси', NULL),
(753, 'Міцність  деталей АД та ЕУ', NULL),
(754, 'Мобільні операційні системи / Геоінформаційні системи', NULL),
(755, 'Мова науково-технічної комунікації', NULL),
(756, 'Мова фаху', NULL),
(757, 'Мова фаху (мова міжнародних документів)', NULL),
(758, 'Мовленєві та сенсорні системи та їх порушення ', NULL),
(759, 'Моделі і методи прийняття рішень в аналізі та аудиті', NULL),
(760, 'Моделі та методи оптимізації енергозбереження', NULL),
(761, 'Моделі та методи оптимізації систем електропостачання', NULL),
(762, 'Моделювання електромеханічних систем', NULL),
(763, 'Моделювання мікро- і наносистем', NULL),
(764, 'Моделювання процесів захисту інформації в технічних системах', NULL),
(765, 'Моделювання систем', NULL),
(766, 'Моделювання складних систем', NULL),
(767, 'Моделювання та аналіз програмного забезпечення', NULL),
(768, 'Моделювання та дослідження електротехнологічних комплексів', NULL),
(769, 'Моделювання та оптимізація систем і мереж', NULL),
(770, 'Моделювання та оптимізація технічних систем', NULL),
(771, 'Модульне проектування ВПМ', NULL),
(772, 'Монтаж електричних установок', NULL),
(773, 'Монтаж і налагоджування електрообладнання', NULL),
(774, 'Монтаж ПТДБМ машин', NULL),
(775, 'Монтаж та налагодження електротехнічних пристроїв', NULL),
(776, 'Мотивування персоналу', NULL),
(777, 'Мультиагентні системи та технології', NULL),
(778, 'Мультипарадигмальне програмування', NULL),
(779, 'Навчальна (обмірна) практика', NULL),
(780, 'Навчальна (ознайомча) практика', NULL),
(781, 'Навчальна (ознайомча, біонична) практика', NULL),
(782, 'Навчальна практика', NULL),
(783, 'Навчальний практикум', NULL),
(784, 'Навчальний практикум з методів дослідження та НДРС', NULL),
(785, 'Нагрівання та нагрівальні пристрої', NULL),
(786, 'Надійність і діагностика електричних машин', NULL),
(787, 'Надійність комп’ютерних систем', NULL),
(788, 'Надійність та довговічність двигунів внутрішнього згорання', NULL),
(789, 'Нанофотоніка', NULL),
(790, 'наплавлення та напилення', NULL),
(791, 'Напруження та деформації при зварюванні', NULL),
(792, 'Напрямки розвитку енергозбереження', NULL),
(793, 'Напрямні системи', NULL),
(794, 'Нарисна геометрія, інженерна та комп\'ютерна графіка', NULL),
(795, 'Наукові основи вибору композиційних та порошкових матеріалів і технологій', NULL),
(796, 'Наукові основи вибору матеріалів і технологій', NULL),
(797, 'Наукові основи дизайну', NULL),
(798, 'Науково дослідна робота студентів', NULL),
(799, 'Науково-дослідницька робота студентів', NULL),
(800, 'Національна та регіональна економіка', NULL),
(801, 'НДРС', NULL),
(802, 'Нейроінформатика', NULL),
(803, 'Нейромережеві методи обчислювального інтелекту', NULL),
(804, 'Неметалеві композиційні матеріали', NULL),
(805, 'Неметалеві матеріали', NULL),
(806, 'Несиметричні режими роботи електромеханічних систем', NULL),
(807, 'Нетрадиційна автоматизація', NULL),
(808, 'Нові матеріали', NULL),
(809, 'Нові матеріали та технології ', NULL),
(810, 'Новітні технології заготівельного виробництва', NULL),
(811, 'Нормативна база створення і експлуатації машин', NULL),
(812, 'Нормативне забезпечення якості', NULL),
(813, 'Нормативне та інформаційне забезпечення проектування', NULL),
(814, 'Нормативно-правове забезпечення інформаційної безпеки', NULL),
(815, 'Нормування праці', NULL),
(816, 'Нотаріат України', NULL),
(817, 'Об’єктно-орієнтоване програмування', NULL),
(818, 'Обгрунтування господарських рішень', NULL),
(819, 'Обгрунтування господарських рішень і оцінювання ризиків', NULL),
(820, 'Об\'єктно-орієнтоване програмування', NULL),
(821, 'Об\'єктно-орієнтоване програмування (мова Сі++)', NULL),
(822, 'Обладнання автоматизованого виробництва та металорізальні верстати', NULL),
(823, 'Обладнання для новітніх технологій', NULL),
(824, 'Обладнання ливарних цехів', NULL),
(825, 'Обладнання процесів теплового оброблення', NULL),
(826, 'Обладнання спеціальних видів лиття', NULL),
(827, 'Обладнання спеціальних методів лиття', NULL),
(828, 'Обладнання та інструмент для виготовлення оснастки', NULL),
(829, 'Обладнання та оснастка виробництв порошкових та композиційних матеріалів', NULL),
(830, 'Обладнання та технології енергоємних виробництв', NULL),
(831, 'Обладнання та транспорт механообробних цехів', NULL),
(832, 'Обладнання, оснащення та інструмент', NULL),
(833, 'Облік в бюджетних установах', NULL),
(834, 'Облік зовнішньоекономічної діяльності', NULL),
(835, 'Облік і аудит', NULL),
(836, 'Облік і звітність в галузях економіки', NULL),
(837, 'Облік і звітність в оподаткуванні', NULL),
(838, 'Облік і звітність суб\'єктів малого підприємництва', NULL),
(839, 'Облік та аналіз зовнішньоекономічної діяльності', NULL),
(840, 'Облік та аналіз зовнішньоекономічної діяльності / Світове фінансове середовище', NULL),
(841, 'Облік у банках', NULL),
(842, 'Облік у галузях економіки', NULL),
(843, 'Облік у зарубіжних країнах', NULL),
(844, 'Облікова політика підприємства', NULL),
(845, 'Образотворча діяльність з методикою', NULL),
(846, 'Обчислювальна техніка та мікропроцесори', NULL),
(847, 'Обчислювальна техніка та мікропроцесорі', NULL),
(848, 'Обчислювальна техніка та програмування', NULL),
(849, 'Обчислювальні методи системного аналізу', NULL),
(850, 'Оздоровчі види легкої атлетики', NULL),
(851, 'Оздоровчі рухливі ігри', NULL),
(852, 'Ознайомча практика', NULL),
(853, 'Олімпійський спорт', NULL),
(854, 'Операційний менеджмент', NULL),
(855, 'Операційні системи', NULL),
(856, 'Опір матеріалів', NULL),
(857, 'Опір матеріалів (теорії пружності і пластичності)', NULL),
(858, 'Оподаткування підприємств', NULL),
(859, 'Оподаткування суб\'єктів господарювання', NULL),
(860, 'Оптимізаційні методи та моделі', NULL),
(861, 'Оптимізаційні методи та моделі в бізнес процесі', NULL),
(862, 'Оптимізація процесів конструювання та технології виготовлення оснастки', NULL),
(863, 'Оптоелектронні пристрої', NULL),
(864, 'Організаційна поведінка', NULL),
(865, 'Організаційне забезпечення технічного захисту інформації', NULL),
(866, 'Організація анімаційних послуг/Організація туристичної діяльності', NULL),
(867, 'Організація баз даних', NULL),
(868, 'Організація баз даних та знань', NULL),
(869, 'Організація будівництва', NULL),
(870, 'Організація виробництва', NULL),
(871, 'Організація екскурсійних послуг', NULL),
(872, 'Організація електронного магазину', NULL),
(873, 'Організація і безпека дорожнього руху', NULL),
(874, 'Організація комерційної діяльності в країнах з ринковою економікою', NULL),
(875, 'Організація міжнародніх перевезень', NULL),
(876, 'Організація обліку', NULL),
(877, 'Організація перевезень і руху на автомобільнрму транспорті', NULL),
(878, 'Організація послуг по охороні громадян', NULL),
(879, 'Організація послуг харчування', NULL),
(880, 'Організація праці', NULL),
(881, 'Організація праці менеджера', NULL),
(882, 'Організація приватної розшукової діяльності', NULL),
(883, 'Організація рекреаційних послуг', NULL),
(884, 'Організація ресторанного господарства', NULL),
(885, 'Організація системи охорони стаціонарних об\'єктів', NULL),
(886, 'Організація спостереження в охоронній діяльності', NULL),
(887, 'Організація сфери туристських послуг', NULL),
(888, 'Організація та проведення спортивно-оздоровчих заходів', NULL),
(889, 'Організація та технологія вантажних робіт на транспорті', NULL),
(890, 'Організація торгвлі та біржової діяльності', NULL),
(891, 'Організація торгівлі', NULL),
(892, 'Організація транспортних подорожей/Логістика в туризмі', NULL),
(893, 'Організація, планування та управління виробництвом', NULL),
(894, 'Організація, планування та управління промисловим виробництвом', NULL),
(895, 'Організація, планування та управління промисловим підприємством', NULL),
(896, 'Основи Web-програмування', NULL),
(897, 'Основи авіації і космонавтики та загальної будови літальних апаратів', NULL),
(898, 'Основи авіації та космонавтики', NULL),
(899, 'Основи автомат. проектування ел. пристроїв і електромеханічних систем', NULL),
(900, 'Основи автоматизації проектування радіоелектронної апаратури', NULL),
(901, 'Основи автоматизації ПТДБМ машин', NULL),
(902, 'Основи автоматизованого проектування', NULL),
(903, 'Основи автоматичного проектування у електричних приводах', NULL),
(904, 'Основи алгоритмізації та програмування', NULL),
(905, 'Основи аудиту та економічного аналізу', NULL),
(906, 'Основи біології та генетики людини', NULL),
(907, 'Основи бухгалтерського обліку та аудиту', NULL),
(908, 'Основи вибору технологій та обладнання', NULL),
(909, 'Основи виробництва', NULL),
(910, 'Основи виробництва порошкових та композиційних матеріалів', NULL),
(911, 'Основи газової динаміки', NULL),
(912, 'Основи геодезії', NULL),
(913, 'Основи геометричного та графічного моделювання', NULL),
(914, 'Основи гімнастики', NULL),
(915, 'Основи графічного та геометричного моделювання', NULL),
(916, 'Основи демократії', NULL),
(917, 'Основи державної служби в Україні', NULL),
(918, 'Основи державної служби України', NULL),
(919, 'Основи дипломатії', NULL),
(920, 'Основи діагностики та ремонту автомобілів', NULL),
(921, 'Основи діяності субєктів товарного ринку', NULL),
(922, 'Основи додрукарської підготовки/ Робота в матеріалі', NULL),
(923, 'Основи економіки транспорту', NULL),
(924, 'Основи економіко-математичного моделювання в будівнитцві', NULL),
(925, 'Основи електроенергетики', NULL),
(926, 'Основи електромагнітної сумісності', NULL),
(927, 'Основи електромеханіки', NULL),
(928, 'Основи електроніки та мікросхемотехніки', NULL),
(929, 'Основи електронної техніки', NULL),
(930, 'Основи електропривода', NULL),
(931, 'Основи електроприводу', NULL),
(932, 'Основи енергоаудиту', NULL),
(933, 'Основи енергозбереження', NULL),
(934, 'Основи ергономіки і дизайну автомобіля', NULL),
(935, 'Основи європеїстики', NULL),
(936, 'Основи зовнішньоекономічної діяльності', NULL),
(937, 'Основи і фундаменти', NULL),
(938, 'Основи інженерних розрахунків', NULL),
(939, 'Основи інклюзивної освіти', NULL),
(940, 'Основи керування енерговикористанням', NULL),
(941, 'Основи композиції та кольорознавство', NULL),
(942, 'Основи композиції та формоутворення', NULL),
(943, 'Основи комп\'ютерного конструювання', NULL),
(944, 'Основи конструкції трактора', NULL),
(945, 'Основи конструювання в CAD системах', NULL),
(946, 'Основи конструювання двигунів внутрішнього згорання', NULL),
(947, 'Основи конструювання літальних апаратів', NULL),
(948, 'Основи криптографії та стеганографії', NULL),
(949, 'Основи ливарної гідравліки', NULL),
(950, 'Основи логістики', NULL),
(951, 'Основи маркетингу', NULL),
(952, 'Основи математики', NULL),
(953, 'Основи менеджменту', NULL),
(954, 'Основи менеджменту, маркетингу та адміністрування (за професійним спрямуванням)', NULL),
(955, 'Основи менеджменту, маркетингу та адміністрування(за професійним спрямуванням)', NULL),
(956, 'Основи методіки дизайну', NULL),
(957, 'Основи метрології', NULL),
(958, 'Основи метрології та електричних вимірювань', NULL),
(959, 'Основи міжкультурної комунікації', NULL),
(960, 'Основи мікроелектроніки', NULL),
(961, 'Основи мікропроцесорної техніки', NULL),
(962, 'Основи міцності та довговічності автомобіля', NULL),
(963, 'Основи музеєзнавства/Основи сталого туризму', NULL),
(964, 'Основи навігації', NULL),
(965, 'Основи надійності авіаційних двигунів', NULL),
(966, 'Основи наукових досліджень', NULL),
(967, 'Основи наукових досліджень  та математичне моделювання технологічних процесів', NULL),
(968, 'Основи наукових досліджень / Наукове пізнання світу', NULL),
(969, 'Основи наукових досліджень в інженерних розрахунках за фахом', NULL),
(970, 'Основи наукових досліджень та організація експерименту', NULL),
(971, 'Основи наукових досліджень/Наукове пізнання світу', NULL),
(972, 'Основи науково - дослідної роботи', NULL),
(973, 'Основи науково-дослідної роботи', NULL),
(974, 'Основи науково-технічних досліджень', NULL),
(975, 'Основи нозології', NULL),
(976, 'Основи організації боротьби з тероризмом', NULL),
(977, 'Основи педагогіки та психології', NULL),
(978, 'Основи права Європейського Союзу', NULL),
(979, 'Основи природознавства', NULL),
(980, 'Основи програмної інженерії', NULL),
(981, 'Основи програмування', NULL),
(982, 'Основи проектування', NULL),
(983, 'Основи проектування електромеханічних пристроїв та систем', NULL),
(984, 'Основи проектування електронної апаратури', NULL),
(985, 'Основи проектування термічних підрозділів', NULL),
(986, 'Основи проектування цехів', NULL),
(987, 'Основи промислових інтерфейсів і протоколов', NULL),
(988, 'Основи психоконсультації та психокорекції', NULL),
(989, 'Основи психолінгвістики', NULL),
(990, 'Основи публічного управління та адміністрування', NULL),
(991, 'Основи радіолокації', NULL),
(992, 'Основи раціонального харчування', NULL),
(993, 'Основи релейного захисту та автоматизації енергосистем', NULL),
(994, 'Основи римського приватного права', NULL),
(995, 'Основи САПР', NULL),
(996, 'Основи САПР в автомобілебудуванні', NULL),
(997, 'Основи САПР технології виробництва двигунів внутрішнього згорання', NULL),
(998, 'Основи силової електроніки', NULL),
(999, 'Основи системного аналізу', NULL),
(1000, 'Основи страхування', NULL),
(1001, 'Основи схемотехніки', NULL),
(1002, 'Основи телебачення', NULL),
(1003, 'Основи теорії електричних апаратів', NULL),
(1004, 'Основи теорії зварювання', NULL),
(1005, 'Основи теорії і динаміки автомобільних двигунів', NULL),
(1006, 'Основи теорії інтелектуальних систем', NULL),
(1007, 'Основи теорії кіл, сигналів та процесів в електроніці', NULL),
(1008, 'Основи теорії кіл, сигналів та процесів в системах технічного захисту інформації', NULL),
(1009, 'Основи теорії передачі інформації та статистічна радіотехніка', NULL),
(1010, 'Основи теорії плавки та виробництва кольорових виливків', NULL);
INSERT INTO `discipline` (`discipline_id`, `full_name`, `short_name`) VALUES
(1011, 'Основи теорії плавки та виробництва сталевих виливків', NULL),
(1012, 'Основи теорії плавки та виробництва чавунних виливків', NULL),
(1013, 'Основи теорії систем і управління', NULL),
(1014, 'Основи теорії та обочих процесів ПРД', NULL),
(1015, 'Основи теорії транспортних процесів і систем', NULL),
(1016, 'Основи теплопостачання', NULL),
(1017, 'Основи теплотехніки та гідравліки', NULL),
(1018, 'Основи термодинаміки та гідравліки', NULL),
(1019, 'Основи термомодернізації та санації будинків', NULL),
(1020, 'Основи технічної і інженерної творчості', NULL),
(1021, 'Основи технічної і наукової діяльності', NULL),
(1022, 'Основи технічної творчості', NULL),
(1023, 'Основи технології авіадвигунобудування', NULL),
(1024, 'Основи технології електронних апаратів', NULL),
(1025, 'Основи технології ремонту авіаційних двигунів', NULL),
(1026, 'Основи фізики поверхні та ультрадисперсних середовищ', NULL),
(1027, 'Основи фізичної реабілітації', NULL),
(1028, 'Основи формоутворення', NULL),
(1029, 'Основи формування структури та властивостей порошкових та композиційних матеріалів', NULL),
(1030, 'Особистість соціального працівника', NULL),
(1031, 'Палива, мастила та охолоджуючі рідини', NULL),
(1032, 'Паралельні та розподілені обчислення', NULL),
(1033, 'Пасажирскі перевезення', NULL),
(1034, 'Патопсихологія', NULL),
(1035, 'Паяння металів', NULL),
(1036, 'Педагогіка', NULL),
(1037, 'Педагогіка фізичного виховання і спорту', NULL),
(1038, 'Педагогічна психологія', NULL),
(1039, 'Педагогічні дослідження фізичного виховання та спорту', NULL),
(1040, 'Переддипломна практика', NULL),
(1041, 'Перехідні економічні системи', NULL),
(1042, 'Перехідні процеси в електросистемах', NULL),
(1043, 'Перспективи розвитку систем електропостачання', NULL),
(1044, 'Перспективні напрямки термічної обробки матеріалів', NULL),
(1045, 'Печі ливарних цехів', NULL),
(1046, 'Печі та сушила ливарного виробництва', NULL),
(1047, 'Підвищення експлуатаційних характеристик АД та ЕУ констркторсько-технологічними методами ', NULL),
(1048, 'Підвищення експлуатаційних характеристик деталей  авіаційних двигунів конструкторсько-технологічними методами ', NULL),
(1049, 'Підприємницька діяльность', NULL),
(1050, 'Підприємства автомобільного транспорту', NULL),
(1051, 'Плавання з методикою викладання', NULL),
(1052, 'Планування діяльності торгівельного підпрємства', NULL),
(1053, 'Планування і контроль на підприємстві', NULL),
(1054, 'Планування міст і транспорт', NULL),
(1055, 'Планування та організація підприємницької діяльності', NULL),
(1056, 'Планування та проектування інформаційних мереж', NULL),
(1057, 'Пластична анатомія', NULL),
(1058, 'Платіжні системи', NULL),
(1059, 'Поведінка споживача', NULL),
(1060, 'Поверхневі фізико-хімічні процеси', NULL),
(1061, 'Податкова система', NULL),
(1062, 'Податкове право ', NULL),
(1063, 'Податковий менеджмент', NULL),
(1064, 'Полімерні композиційні матеріали', NULL),
(1065, 'Політика і економіка', NULL),
(1066, 'Політико-правова система України', NULL),
(1067, 'Політико-правова система України ', NULL),
(1068, 'Політична глобалізація', NULL),
(1069, 'Політична економія', NULL),
(1070, 'Політична конфліктологія', NULL),
(1071, 'Політична культура', NULL),
(1072, 'Політична модернізація і трансформація', NULL),
(1073, 'Політична реклама', NULL),
(1074, 'Політична соціологія', NULL),
(1075, 'Політична теорія держави', NULL),
(1076, 'Політичний аналіз і прогноз', NULL),
(1077, 'Політичний маркетинг', NULL),
(1078, 'Політичний менеджмент', NULL),
(1079, 'Політичні еліти і лідерство', NULL),
(1080, 'Політичні ідеології', NULL),
(1081, 'Політичні системи і режими сучасності', NULL),
(1082, 'Політологія ', NULL),
(1083, 'Політологія міжнародних відносин', NULL),
(1084, 'Поновлювальні та альтернативні джерела енергії', NULL),
(1085, 'Порівняльна граматика основної іноземної та української мов', NULL),
(1086, 'Порівняльна політологія', NULL),
(1087, 'Порошкові та композиційні матеріали', NULL),
(1088, 'Порошкові та композиційні матеріали зі спеціальними властивостями', NULL),
(1089, 'Потенціал і розвиток підприємства', NULL),
(1090, 'Право міжнародних організацій', NULL),
(1091, 'Право соціального забезпечення', NULL),
(1092, 'Правове забезпечення фізичної культури та спорту', NULL),
(1093, 'Правове регулювання туристської діяльності', NULL),
(1094, 'Правові засади соціальної роботи', NULL),
(1095, 'Правознавство', NULL),
(1096, 'Практика перекладу з другої іноземної мови', NULL),
(1097, 'Практика перекладу з другої іноземної мови (за напрямками)', NULL),
(1098, 'Практика перекладу з основної іноземної мови (за напрямками)', NULL),
(1099, 'Практика перекладу з основної іноземної мови науково-технічної літератури', NULL),
(1100, 'Практикум з загальної психології', NULL),
(1101, 'Практикум по спеціальності (тренінги)', NULL),
(1102, 'Практична психологія в системі соціальної роботи', NULL),
(1103, 'Практична стилістика', NULL),
(1104, 'Практичний курс другої іноземної мови', NULL),
(1105, 'Практичний курс основної іноземної мови', NULL),
(1106, 'Приводи систем керування', NULL),
(1107, 'Прикладна криптологія', NULL),
(1108, 'Прикладна механіка та основи конструювання', NULL),
(1109, 'Прикладна механіка/ Основи технічної механіки і конструювання', NULL),
(1110, 'Принципи інженерної творчості', NULL),
(1111, 'Принципи технічної творчості', NULL),
(1112, 'Пристрої генерації, формування, передачі радіосигналів', NULL),
(1113, 'Пристрої надвисоких частот та антени', NULL),
(1114, 'Пристрої передачі, прийому та обробки інформації', NULL),
(1115, 'Пристрої прийому та обробки сигналів', NULL),
(1116, 'Прогнозування ресурсу машин і конструкцій', NULL),
(1117, 'Програмне забезпечення верстатів з ЧПК', NULL),
(1118, 'Програмне забезпечення інженерних розрахунків', NULL),
(1119, 'Програмне забезпечення комп\'ютерних систем', NULL),
(1120, 'Програмне забеспечення мехобробки в технологічних системах', NULL),
(1121, 'Програмні засоби в інформаційних технологіях', NULL),
(1122, 'Програмні засоби проектування електромеханічних систем', NULL),
(1123, 'Програмування', NULL),
(1124, 'Програмування Інтернет-застосувань', NULL),
(1125, 'Програмування криптоперетворень', NULL),
(1126, 'Програмування мікропроцесорів', NULL),
(1127, 'Програмування на мові Асемблер', NULL),
(1128, 'Програмування систем на ПЛІС', NULL),
(1129, 'Програмування соціологічних досліджень ', NULL),
(1130, 'Програмування та алгоритмічні мови', NULL),
(1131, 'Прогресивні гнучкі та ресурсозаощаджуючі технології виробництва РЕЗ', NULL),
(1132, 'Прогресивні технологічні процеси авіадвигунобудування', NULL),
(1133, 'Проектна графіка', NULL),
(1134, 'Проектний  аналіз', NULL),
(1135, 'Проектний аналіз', NULL),
(1136, 'Проектний практикум', NULL),
(1137, 'Проектування', NULL),
(1138, 'Проектування (екологічний та безпечний транспортний засіб)', NULL),
(1139, 'Проектування (Житлове середовище)', NULL),
(1140, 'Проектування (інтер`єри підприємств громадського харчування) ', NULL),
(1141, 'Проектування (інтер`єри підприємств торгівлі) ', NULL),
(1142, 'Проектування (інтер`єри соціально-значимих об`єктів)', NULL),
(1143, 'Проектування (Книжкова ілюстрація)', NULL),
(1144, 'Проектування (об`єкт з адаптивними функціями)', NULL),
(1145, 'Проектування (промислові вироби і об`єкти спеціалізованного призначення)', NULL),
(1146, 'Проектування (Рекламна графіка)', NULL),
(1147, 'Проектування (транспортний засіб майбутнього) ', NULL),
(1148, 'Проектування (Фірмовий стиль)', NULL),
(1149, 'Проектування баз даних та інформаційних систем', NULL),
(1150, 'Проектування виробів з порошкових та композиційних матеріалів', NULL),
(1151, 'Проектування зварних конструкцій', NULL),
(1152, 'Проектування зварювальних цехів', NULL),
(1153, 'Проектування і виробництво оснастки ливарних цехів', NULL),
(1154, 'Проектування і експлуатація машин зварювання плавленням', NULL),
(1155, 'Проектування інформаційних систем', NULL),
(1156, 'Проектування комп\'ютерних мереж', NULL),
(1157, 'Проектування ливарних цехів', NULL),
(1158, 'Проектування ливарних цехів машинобудівних підприємств', NULL),
(1159, 'Проектування металоконструкцій', NULL),
(1160, 'Проектування мікропроцесорних систем', NULL),
(1161, 'Проектування нестандартного діагностичного обладнання', NULL),
(1162, 'Проектування систем захисту інформації', NULL),
(1163, 'Проектування та автоматизація дільниць та цехів автозаводів', NULL),
(1164, 'Проектування та виробництво оснастки для автоматичних ліній, вакуумної формовки, формовки з РСС та інших специфічних методів', NULL),
(1165, 'Проектування та виробництво паперевої, дерев\'яної та металевої оснастки', NULL),
(1166, 'Проектування та виробництво пластмасової та пінопластової оснастки', NULL),
(1167, 'Проектування та розрахунок механічних пресів', NULL),
(1168, 'Проектування та розрахунок молотів, гідравлічних та гвинтових пресів', NULL),
(1169, 'Проектування та розрахунок штампового оснащення для гарячого штампування', NULL),
(1170, 'Проектування та розрахунок штампового оснащення для порошкової металургії', NULL),
(1171, 'Проектування та розрахунок штампового оснащення для холодного штампування', NULL),
(1172, 'Проектування технологічних процесів зварювального виробництва', NULL),
(1173, 'Проектування технологічніх операцій для верстатів з ЧПК', NULL),
(1174, 'Промисловий транспорт', NULL),
(1175, 'Протоколи цифрового підпису', NULL),
(1176, 'Професійна майстерність (за професійним спрямуванням)', NULL),
(1177, 'Професійна практика програмної інженерії', NULL),
(1178, 'Професійне вдосконалення', NULL),
(1179, 'Професійний спорт', NULL),
(1180, 'Професійно-педагогічне вдосконалення', NULL),
(1181, 'Профілактика спортивного травматизму', NULL),
(1182, 'Процеси механічної обробки та їх еволюція', NULL),
(1183, 'Процеси та обладнання механічної обробки', NULL),
(1184, 'Психодіагностика', NULL),
(1185, 'Психологічна підготовка при організації приватної охоронної діяльності', NULL),
(1186, 'Психологічний практикум по спецкурсам', NULL),
(1187, 'Психологія ', NULL),
(1188, 'Психологія', NULL),
(1189, 'Психологія впливу', NULL),
(1190, 'Психологія ділового спілкування', NULL),
(1191, 'Психологія з соціологією', NULL),
(1192, 'Психологія мас', NULL),
(1193, 'Психологія праці та управління', NULL),
(1194, 'Психологія реклами і маркетингу', NULL),
(1195, 'Психологія сім’ї', NULL),
(1196, 'Психологія та етика ділових взаємовідносин в галузі', NULL),
(1197, 'Психологія творчості', NULL),
(1198, 'Психологія торгівлі', NULL),
(1199, 'Психологія управління', NULL),
(1200, 'Психологія управління та конфліктологія', NULL),
(1201, 'Психологія фізичного виховання і спорту', NULL),
(1202, 'Психолого-педагогічна діагностика та відбір', NULL),
(1203, 'Психофізіологія', NULL),
(1204, 'Псіхологія', NULL),
(1205, 'ПТЕ та БР', NULL),
(1206, 'Публічне адміністрування', NULL),
(1207, 'Радіоавтоматика', NULL),
(1208, 'Радіовимірювальні пристрої та системи', NULL),
(1209, 'Радіовиробництво', NULL),
(1210, 'Радіорелейні та супутникові системи передачі інформації', NULL),
(1211, 'Радіотехнічні пристрої ', NULL),
(1212, 'Радіотехнічні системи ', NULL),
(1213, 'Регіональна бютжетна політика', NULL),
(1214, 'Регіональна економіка', NULL),
(1215, 'Регулювання та керування електромеханічних систем', NULL),
(1216, 'Реклама в туризмі', NULL),
(1217, 'Реклама і зв\'язки з громадськістю', NULL),
(1218, 'Реклама та PR', NULL),
(1219, 'Рекламна діяльність у фізичній культурі та спорті', NULL),
(1220, 'Рекламний менеджмент', NULL),
(1221, 'Реконструкція будівель та споруд', NULL),
(1222, 'Рекреалогія та санаторно-курортне лікування', NULL),
(1223, 'Рекреаційна географія міжнародного туризму', NULL),
(1224, 'Рекреаційні комплекси', NULL),
(1225, 'Рекреаційні технології', NULL),
(1226, 'Релейний захист в системах електропостачання', NULL),
(1227, 'Ремонт ПТДБМ машин', NULL),
(1228, 'Ресурсне проектування ГТД', NULL),
(1229, 'Ризики і економічна безпека турфірм', NULL),
(1230, 'Ринок праці', NULL),
(1231, 'Ринок страхових послуг', NULL),
(1232, 'Ринок туристичних послуг', NULL),
(1233, 'Ринок фінансових послуг', NULL),
(1234, 'Рисунок', NULL),
(1235, 'Різальний інструмент', NULL),
(1236, 'Різальний інструмент та інструмент забеспечення АВ', NULL),
(1237, 'Робота в графічних матеріалах/ Макет упаковки', NULL),
(1238, 'Робота в матеріалі', NULL),
(1239, 'Робототехніка', NULL),
(1240, 'Робочі процеси автомобілів', NULL),
(1241, 'Розвиток персоналу', NULL),
(1242, 'Розмірні розрахунки у проектуванні  технологічних процесів виготовлення деталей', NULL),
(1243, 'Розробка застосувань для мобільних пристроїв', NULL),
(1244, 'Розробка офісних застосувань', NULL),
(1245, 'Розробка програмного забезпечення для мобільних пристроїв', NULL),
(1246, 'Рухомий склад і тяга поїздів', NULL),
(1247, 'Ручна праця ', NULL),
(1248, 'Самоменеджмент', NULL),
(1249, 'Самоменеджмент в соціальній роботі', NULL),
(1250, 'Самоменеджмент особистості ', NULL),
(1251, 'САПР верстатного обладнання та технологічного оснащення', NULL),
(1252, 'САПР двигунів внутрішнього згорання', NULL),
(1253, 'САПР технологічних процесів', NULL),
(1254, 'Світова економіка', NULL),
(1255, 'Світова культура та мистецтво', NULL),
(1256, 'Світове фінансове середовище', NULL),
(1257, 'Світовий політичний процес', NULL),
(1258, 'Світовий ринок товарів та послуг', NULL),
(1259, 'Сервісний менеджмент', NULL),
(1260, 'Сервісні платформи інформаційних систем', NULL),
(1261, 'Сигнали та процеси в радіотехніці', NULL),
(1262, 'Силові електронні апарати', NULL),
(1263, 'Силові напівпровідникові прилади', NULL),
(1264, 'Система оплати праці і мотивація персоналу охоронного підприємства', NULL),
(1265, 'Система організації роботи прес-служби та прес-секретаря', NULL),
(1266, 'Системи автоматизованного проектування', NULL),
(1267, 'Системи автоматизованого проектування', NULL),
(1268, 'Системи автоматичного керування АД та ЕУ', NULL),
(1269, 'Системи автоматичного проектування параметрів обладнання ливарних цехів', NULL),
(1270, 'Системи двигунів внутрішнього згорання', NULL),
(1271, 'Системи електропостачання енергоємних виробництв', NULL),
(1272, 'Системи керування базами даних', NULL),
(1273, 'Системи керування електроприводами', NULL),
(1274, 'Системи керування та контролю електромеханічних пристроїв та систем', NULL),
(1275, 'Системи комутації та розподілу інформації', NULL),
(1276, 'Системи мобільного зв\'язку', NULL),
(1277, 'Системи паливоподачі і управління двигунів внутрішнього згорання', NULL),
(1278, 'Системи передачі даних', NULL),
(1279, 'Системи передачі інформації', NULL),
(1280, 'Системи програмного керування верстатами', NULL),
(1281, 'Системи та мережі радіо- та телевізійного мовлення', NULL),
(1282, 'Системна інтеграція і оптимізація засобів комп’ютерної техніки', NULL),
(1283, 'Системне програмне забезпечення', NULL),
(1284, 'Системне програмування', NULL),
(1285, 'Системний аналіз ', NULL),
(1286, 'Системний аналіз соціально-економічних процесів', NULL),
(1287, 'Сімейне право ', NULL),
(1288, 'Складально-зварювальне оснащення', NULL),
(1289, 'Складськи системи  та комплекси', NULL),
(1290, 'Скульптура', NULL),
(1291, 'Соціальна антропологія', NULL),
(1292, 'Соціальна економіка', NULL),
(1293, 'Соціальна політика', NULL),
(1294, 'Соціальна політика в Україні', NULL),
(1295, 'Соціальна психологія', NULL),
(1296, 'Соціальна психологія / Соціологія груп ', NULL),
(1297, 'Соціальна робота в сфері зайнятості населення', NULL),
(1298, 'Соціальна робота з різними групами клієнтів', NULL),
(1299, 'Соціальна структура суспільства ', NULL),
(1300, 'Соціальна та політична психологія', NULL),
(1301, 'Соціальне забезпечення населення', NULL),
(1302, 'Соціальне партнерство', NULL),
(1303, 'Соціальне проектування та програмування / Технології проетування та програмування', NULL),
(1304, 'Соціальне страхування', NULL),
(1305, 'Соціальний маркетинг', NULL),
(1306, 'Соціальні  масової комунікації ', NULL),
(1307, 'Соціальні технології / Соціально - педагогічні та психологічні технології ', NULL),
(1308, 'Соціально-політична проблематика ЗМІ / Економічна проблематика ЗМІ', NULL),
(1309, 'Соціологія', NULL),
(1310, 'Соціологія виховання ', NULL),
(1311, 'Соціологія громадської думки', NULL),
(1312, 'Соціологія масової комунікації', NULL),
(1313, 'Соціологія освіти', NULL),
(1314, 'Соціологія освіти ', NULL),
(1315, 'Соціологія особистості ', NULL),
(1316, 'Соціологія політики', NULL),
(1317, 'Соціологія праці та зайнятості', NULL),
(1318, 'Соціологія праці та зайнятості ', NULL),
(1319, 'Соціологія сім’ї ', NULL),
(1320, 'Соціологія управління', NULL),
(1321, 'Соціологія управління ', NULL),
(1322, 'Спеціалізація. 1. Преса. Газетно-журнальний менеджмент; 2. Інтернет-журналістика. Організація роботи віртуальної редакції; 3. Радіомовлення. Радіоменеджмент; 4. Телебачення. Телевізійний менеджмент', NULL),
(1323, 'Спеціалізація. 1. Преса. Газетно-журнальний менеджмент; 2. Інтернет-журналістика. Організація роботи віртуальної редакції; 3. Радіомовлення. Радіоменеджмент; 4. Телебачення. Телевізійний менеджмент.', NULL),
(1324, 'Спеціалізація. 1. Преса. Газетно-журнальні жанри; 2. Інтернет-журналістика. Жанри в інтернеті; 3. Радіомовлення. Радіожанри; 4. Телебачення. Телевізійні жанри', NULL),
(1325, 'Спеціалізований рухомий склад', NULL),
(1326, 'Спеціалізований туризм/Інноваційний розвиток', NULL),
(1327, 'Спеціалізовані служби в соціальній сфері', NULL),
(1328, 'Спеціальна методика з математики для осіб з ТВМС', NULL),
(1329, 'Спеціальна методика з природознавства для осіб з ТВМС', NULL),
(1330, 'Спеціальна методика з української мови для осіб з ТВМС', NULL),
(1331, 'Спеціальна психологія', NULL),
(1332, 'Спеціальне технологічне оснащення виробництва  авіаційних двигунів  ', NULL),
(1333, 'Спеціальний курс електричних машин', NULL),
(1334, 'Спеціальний привод ПТДБМ машин', NULL),
(1335, 'Спеціальні вимірювання', NULL),
(1336, 'Спеціальні електричні машини', NULL),
(1337, 'Спеціальні крани', NULL),
(1338, 'Спеціальні сталі та стопи ', NULL),
(1339, 'Спеціальні сталі та стопи в газотурбобудуванні', NULL),
(1340, 'Спецкурс за вибором (за видами журналістики). Типологія друкованих ЗМІ. Регіональне телебачення в контексті розвитку національного телебачення. Практикум з фаху. Газетна журналістика. Тележурналістика', NULL),
(1341, 'Спецметоди обробки', NULL),
(1342, 'Спецпитання електропостачання', NULL),
(1343, 'Споживачі електроенергії', NULL),
(1344, 'Спортивна медицина', NULL),
(1345, 'Спортивна метрологія', NULL),
(1346, 'Спортивна морфологія', NULL),
(1347, 'Спортивна проблематика ЗМІ / Наукова проблематика ЗМІ', NULL),
(1348, 'Спортивна фармакологія', NULL),
(1349, 'Спортивне орієнтування і туризм', NULL),
(1350, 'Спортивний менеджмент', NULL),
(1351, 'Спортивні ігри з методикою викладання', NULL),
(1352, 'Спортивно - педагогічне вдосконалення', NULL),
(1353, 'Стандартизація, метрологія та контроль якості продукції', NULL),
(1354, 'Станції та транспортні вузли', NULL),
(1355, 'Статистика', NULL),
(1356, 'Статистична фізика', NULL),
(1357, 'Статистичний аналіз і планування експерементів', NULL),
(1358, 'Статистичні методи управління якістю продукції', NULL),
(1359, 'Створення WEB-ресурсів', NULL),
(1360, 'Створення власного бізнесу та бізнес культури', NULL),
(1361, 'Стильові особливості перекладу та оригіналу', NULL),
(1362, 'Стопи з особливими властивостями', NULL),
(1363, 'Стратегіний аналіз', NULL),
(1364, 'Стратегічне управління', NULL),
(1365, 'Стратегічне управління людськими ресурсами', NULL),
(1366, 'Стратегічний маркетинг', NULL),
(1367, 'Стратегічний менеджмент', NULL),
(1368, 'Стратегія підприємства', NULL),
(1369, 'Страхові послуги', NULL),
(1370, 'Страхування', NULL),
(1371, 'Судові органи та органи правопорядку', NULL),
(1372, 'Судово-бухгалтерська експертиза', NULL),
(1373, 'Сучасна українська публіцистика', NULL),
(1374, 'Сучасне обладнання захисту інформації', NULL),
(1375, 'Сучасні CAD/CAM системи', NULL),
(1376, 'Сучасні захищені мережні технології', NULL),
(1377, 'Сучасні інтернет-технології', NULL),
(1378, 'Сучасні інформаційні системи і технології', NULL),
(1379, 'Сучасні інформаційні технології в проектуванні та виробництві РЕЗ', NULL),
(1380, 'Сучасні кадрові технології в діяльності приватного охоронного підприємства', NULL),
(1381, 'Сучасні методи лиття', NULL),
(1382, 'Сучасні методи обліку електроенергії', NULL),
(1383, 'Сучасні методи програмування', NULL),
(1384, 'Сучасні технології обслуговування та ремонту електронних апаратів', NULL),
(1385, 'Схемотехніка у зварюванні', NULL),
(1386, 'Твердотіла електроніка', NULL),
(1387, 'Твердотільне моделювання і основи інженерних розрахунків', NULL),
(1388, 'Телевиробництво', NULL),
(1389, 'Телекомунікаційні системи передачі', NULL),
(1390, 'Телекомунікаційні та інформаційні мережі', NULL),
(1391, 'Телекомунікаційні та комп\'ютерні мережі', NULL),
(1392, 'Теоретична  механіка', NULL),
(1393, 'Теоретична механіка', NULL),
(1394, 'Теоретична та прикладна механіка', NULL),
(1395, 'Теоретичні основи електротехніки', NULL),
(1396, 'Теоретичні основи ливарного виробництва', NULL),
(1397, 'Теоретичні основи проектування оснастки', NULL),
(1398, 'Теоретичні основи теплотехніки', NULL),
(1399, 'Теоретичні основи технології виготовлення деталей та складання машин', NULL),
(1400, 'Теоретичні основи формоутворення', NULL),
(1401, 'Теорія автоматичних систем автомобіля', NULL),
(1402, 'Теорія автоматичного керування', NULL),
(1403, 'Теорія алгоритмів', NULL),
(1404, 'Теорія будови рідкого, кристалічного та аморфного стану речовини', NULL),
(1405, 'Теорія двигунів внутрішнього згорання', NULL),
(1406, 'Теорія держави і права', NULL),
(1407, 'Теорія експерименту та методи обробки експериментальних даних', NULL),
(1408, 'Теорія електричних і електронних кіл', NULL),
(1409, 'Теорія електричних кіл та сигналів', NULL),
(1410, 'Теорія електричних та магнітних кіл', NULL),
(1411, 'Теорія електричного зв\'язку', NULL),
(1412, 'Теорія електропривода', NULL),
(1413, 'Теорія журналістики', NULL),
(1414, 'Теорія і методика дошкільного навчання та виховання дітей з вадами мовлення', NULL),
(1415, 'Теорія і методика журналістської творчості', NULL),
(1416, 'Теорія і методика фізичного виховання', NULL),
(1417, 'Теорія і практика конкуренції', NULL),
(1418, 'Теорія і практика підприємництва', NULL),
(1419, 'Теорія і проектування систем радіолокації та радіонавігації', NULL),
(1420, 'Теорія і технології оздоровчо-рекреаційної рухової активності', NULL),
(1421, 'Теорія і технологія термічної обробки', NULL),
(1422, 'Теорія інформації та кодування', NULL),
(1423, 'Теорія ймовірностей та математична статистика', NULL),
(1424, 'Теорія ймовірності і математична статистика', NULL),
(1425, 'Теорія ймовірності та математична статистика', NULL),
(1426, 'Теорія керування', NULL),
(1427, 'Теорія кіл та електричних сигналів', NULL),
(1428, 'Теорія ливарних сплавів', NULL),
(1429, 'Теорія лиття та плавка дорогоцінних, кольорових металів і сплавів', NULL),
(1430, 'Теорія літератури', NULL),
(1431, 'Теорія масової інформації', NULL),
(1432, 'Теорія масової комунікації', NULL),
(1433, 'Теорія металургійних процесів', NULL),
(1434, 'Теорія механізмів і машин', NULL),
(1435, 'Теорія обраного виду спорту з основами методик', NULL),
(1436, 'Теорія організації. Актуальні проблеми сучасного менеджменту', NULL),
(1437, 'Теорія перекладу', NULL),
(1438, 'Теорія пізнання ', NULL),
(1439, 'Теорія пластичної деформації та теорія процесів обробки металів', NULL),
(1440, 'Теорія поля', NULL),
(1441, 'Теорія прийняття рішень', NULL),
(1442, 'Теорія різання', NULL),
(1443, 'Теорія соціальної роботи', NULL),
(1444, 'Теорія соціології ', NULL),
(1445, 'Теорія спорту', NULL),
(1446, 'Теорія та історія журналістики', NULL),
(1447, 'Теорія та історія соціальних комунікацій', NULL),
(1448, 'Теорія та практика волонтерської роботи', NULL),
(1449, 'Теорія та практика економічного аналізу', NULL),
(1450, 'Теорія та робочі процеси ПРД', NULL),
(1451, 'Теорія та технологія формування та спікання порошкових і композиційних матеріалів', NULL),
(1452, 'Теорія тепло- та масопереносу в матеріалах', NULL),
(1453, 'Теорія термічної обробки', NULL),
(1454, 'Теорія технічних систем', NULL),
(1455, 'Теорія технічних систем автомобілів', NULL),
(1456, 'Теорія формування виливків', NULL),
(1457, 'Теорія, розрахунок та проектування  компресорів АД та ЕУ', NULL),
(1458, 'Теорія, розрахунок та проектування  турбін АД та ЕУ', NULL),
(1459, 'Теплоенергетика', NULL),
(1460, 'Теплоенергетичні процеси та установки', NULL),
(1461, 'Тепломасообмін в радіоелектронних апаратах', NULL),
(1462, 'Теплотехніка', NULL),
(1463, 'теплотехніка та гідравліка', NULL),
(1464, 'Термічна обробка на машино-, приладобудівних та інструментальних заводах', NULL),
(1465, 'Термічна обробка на металургійних підприємствах', NULL),
(1466, 'Термічна обробка порошкових та композиційних матеріалів', NULL),
(1467, 'Термодеформаційне оброблення', NULL),
(1468, 'Техніка безпеки в електричних установках', NULL),
(1469, 'Техніка високих напруг', NULL),
(1470, 'Технічна діагностика електромеханічних пристроїв та систем', NULL),
(1471, 'Технічна експлуатація і ремонт транспортних засобів', NULL),
(1472, 'Технічна електродинаміка', NULL),
(1473, 'Технічна електродинаміка ', NULL),
(1474, 'Технічна електродинаміка, поширення радіохвиль, антени', NULL),
(1475, 'Технічна механіка', NULL),
(1476, 'Технічна механіка рідини та газу', NULL),
(1477, 'Технічна термодинаміка', NULL),
(1478, 'Технічне діагностування та сертифікація металорізального обладнання', NULL),
(1479, 'Технічне обслуговування та вимірювання у телекомунікаціях', NULL),
(1480, 'Технічний нагляд в будівництві', NULL),
(1481, 'Технічні засоби охорони об\'єктів', NULL),
(1482, 'Технічні засоби охоронного призначення', NULL),
(1483, 'Технологіі мобільного зв\'язку', NULL),
(1484, 'Технології захисту інформації', NULL),
(1485, 'Технології зміцнювання та відновлення деталей двигунів внутрішнього згорання', NULL),
(1486, 'Технології комп\'ютерного проектування ', NULL),
(1487, 'Технології політичних процесів', NULL),
(1488, 'Технології програмування', NULL),
(1489, 'Технології проектування комп’ютерних систем', NULL),
(1490, 'Технології ремонту АД та ЕУ', NULL),
(1491, 'Технології розподілених систем та паралельних обчислень', NULL),
(1492, 'Технології розробки мережевих додатків', NULL),
(1493, 'Технології соціальної роботи', NULL),
(1494, 'Технологічна оснастка', NULL),
(1495, 'Технологічна практика', NULL),
(1496, 'Технологічна точність в машинобудуванні', NULL),
(1497, 'Технологічні методи виробництва заготовок', NULL),
(1498, 'Технологічні методи виробництва заготовок деталей машин', NULL),
(1499, 'Технологічні основи електроніки', NULL),
(1500, 'Технологічні основи електроніки. Виробництво ІС, ВІС, ВЕТ', NULL),
(1501, 'Технологічні основи електроніки. Тонкі плівки', NULL),
(1502, 'Технологічні основи машинобудування', NULL),
(1503, 'Технологія  і САПР інструментального виробництва', NULL),
(1504, 'Технологія авіадвигунобудування', NULL),
(1505, 'Технологія будівельного виробництва', NULL),
(1506, 'Технологія виготовлення заготовок в машинобудуванні', NULL),
(1507, 'Технологія виготовлення і нанесення захисно-декоративних покрить', NULL),
(1508, 'Технологія виробництва електричних та електронних апаратів', NULL),
(1509, 'Технологія виробництва елементів зовнішньої реклами', NULL),
(1510, 'Технологія виробництва заготовок в машинобудуванні', NULL),
(1511, 'Технологія виробництва і переробки продукції рослинництва і тваринництва', NULL),
(1512, 'Технологія виробництва навіпровідникових матеріалів', NULL),
(1513, 'Технологія виробництва порошкових та композиційних матеріалів', NULL),
(1514, 'Технологія виробництва промислових виробів', NULL),
(1515, 'Технологія виробництва силових трансформаторів', NULL),
(1516, 'Технологія виробництва та обробки матеріалів', NULL),
(1517, 'Технологія виробництва та складання АД та ЕУ', NULL),
(1518, 'Технологія гарячого штампування', NULL),
(1519, 'Технологія гостинності', NULL),
(1520, 'Технологія готельної справи', NULL),
(1521, 'Технологія деталей', NULL),
(1522, 'Технологія електромашинобудування', NULL),
(1523, 'Технологія електрофізичних та електрохімічних методів обробки', NULL),
(1524, 'Технологія заготівельного виробництва  в авіадвигунобудуванні ', NULL),
(1525, 'Технологія захисту інформації в паралельних та розподілених обчисленнях', NULL),
(1526, 'Технологія ізоляційних та опоряджувальних робіт', NULL),
(1527, 'Технологія конструкційних матеріалів', NULL),
(1528, 'Технологія конструкційних наноструктурних матеріалів та покрить', NULL),
(1529, 'Технологія ливарного виробництва', NULL),
(1530, 'Технологія ливарної форми', NULL),
(1531, 'Технологія матеріалів', NULL),
(1532, 'Технологія матеріалів і матеріалознавство', NULL),
(1533, 'Технологія машинобудування', NULL),
(1534, 'Технологія нагріву та нагрівальне обладнання', NULL),
(1535, 'Технологія нанесення та властивості покриттів', NULL),
(1536, 'Технологія обробки типових деталей', NULL),
(1537, 'Технологія порошкової металургії', NULL),
(1538, 'Технологія прокатного виробництва. Листове прокатування', NULL),
(1539, 'Технологія прокатного виробництва. Сортове прокатування', NULL),
(1540, 'Технологія ресторанної справи', NULL),
(1541, 'Технологія складання та випробувань  АД таЕУ', NULL),
(1542, 'Технологія спеціальних видів лиття', NULL),
(1543, 'Технологія спеціальних методів лиття', NULL),
(1544, 'Технологія створення програмних продуктів', NULL),
(1545, 'Технологія та конструкції мікросхем та мікрозбірок', NULL),
(1546, 'Технологія та устаткування зварювання плавленням', NULL),
(1547, 'Технологія та устаткування зварювання тиском', NULL),
(1548, 'Технологія термічної обробки', NULL),
(1549, 'Технологія туристської діяльності', NULL),
(1550, 'Технологія формоутворення художніх виробів', NULL),
(1551, 'Технологія холодного штампування', NULL),
(1552, 'ТЗН у спеціальних дитячих закладах', NULL),
(1553, 'Типи будівель та архітектурні конструкції', NULL),
(1554, 'Типовий електропривод', NULL),
(1555, 'Товаразнавство', NULL),
(1556, 'Товарна інноваційна політика', NULL),
(1557, 'Торговельне підприємництво', NULL),
(1558, 'Транспорт у виробничому процесі підприємств', NULL),
(1559, 'Транспортна логістика', NULL),
(1560, 'Транспортне матеріалознавство', NULL),
(1561, 'Транспортне право', NULL),
(1562, 'Транспортно-експедиторська діяльність', NULL),
(1563, 'Трибологія', NULL),
(1564, 'Триботехніка та основи надійності машин', NULL),
(1565, 'Трудове право', NULL),
(1566, 'Трудове право ', NULL),
(1567, 'Туристичне країнознавство', NULL),
(1568, 'Туристське країнознавство', NULL),
(1569, 'Туристські ресурси України', NULL),
(1570, 'Туристські формальності', NULL),
(1571, 'Туроперейтинг', NULL),
(1572, 'Тягові електричні двигуни ', NULL),
(1573, 'Українська література', NULL),
(1574, 'Українська мова (за професійним спрямуванням)', NULL),
(1575, 'Українська мова (за професійним спрямуванням) ', NULL),
(1576, 'Українська мова у проф.спілкуванні', NULL),
(1577, 'Управління IT-проектами', NULL),
(1578, 'Управління бізнес-проектами в торгівлі', NULL),
(1579, 'Управління будівництвом', NULL),
(1580, 'Управління в галузі', NULL),
(1581, 'Управління витратами', NULL),
(1582, 'Управління діловими комунікаціями', NULL),
(1583, 'Управління експлуатаційною роботою транспорту', NULL),
(1584, 'Управління змінами', NULL),
(1585, 'Управління зовнішньоекономічною діяльністю', NULL),
(1586, 'Управління інноваціями', NULL),
(1587, 'Управління командами', NULL),
(1588, 'Управління конфліктами', NULL),
(1589, 'Управління ланцюгом постачань', NULL),
(1590, 'Управління на транспорті', NULL),
(1591, 'Управління оплатою праці', NULL),
(1592, 'Управління охоронним підприємством', NULL),
(1593, 'Управління персоналом', NULL),
(1594, 'Управління персоналом туристського підприємства', NULL),
(1595, 'Управління посередницькою діяльністю', NULL),
(1596, 'Управління правоохоронними органами', NULL),
(1597, 'Управління продажем', NULL),
(1598, 'Управління проектами', NULL),
(1599, 'Управління проектами енерговикористання', NULL),
(1600, 'Управління соціальними процесами', NULL),
(1601, 'Управління соціальною та економічною безпекою', NULL),
(1602, 'Управління страховою діяльністю', NULL),
(1603, 'Управління трудовим потенціалом', NULL),
(1604, 'Управління фізичною культурою та спортом', NULL),
(1605, 'Управління якістю', NULL),
(1606, 'Управлінський контроль в публічній сфері', NULL),
(1607, 'Управлінський облік', NULL),
(1608, 'Управлінські інформаційні системи в аналізі та аудиті', NULL),
(1609, 'Управлінські рішення', NULL),
(1610, 'Устаткування ливарного виробництва', NULL),
(1611, 'Фазові рівноваги', NULL),
(1612, 'Фахова Англійська мова', NULL),
(1613, 'Фізика', NULL),
(1614, 'Фізика діелектриків', NULL),
(1615, 'Фізика конденсованого стану', NULL),
(1616, 'Фізика конденсованого стану матеріалів', NULL),
(1617, 'Фізика нанокластерів і тонких плівок', NULL),
(1618, 'Фізика напівпровідників ', NULL),
(1619, 'Фізика низькорозмірних систем', NULL),
(1620, 'Фізика твердого тіла', NULL),
(1621, 'Фізико-технічні методи та засоби захисту інформації', NULL),
(1622, 'Фізико-хімічні основи ливарного виробництва', NULL),
(1623, 'Фізико-хімічні основи сворення покриттів', NULL),
(1624, 'Фізична реабілітація засобами фізіотерапії', NULL),
(1625, 'Фізична реаблітація осіб з вадами мовлення', NULL),
(1626, 'Фізична хімія', NULL),
(1627, 'Фізичне виховання', NULL),
(1628, 'Фізичні властивості і методи дослідження матеріалів', NULL),
(1629, 'Фізичні властивості та методи дослідження матеріалів', NULL),
(1630, 'Фізичні основи електронних приладів', NULL),
(1631, 'Фізичні основи мікро- і наноситемної техніки', NULL),
(1632, 'Фізіологічні основи фізичної культури', NULL),
(1633, 'Фізіологія дітей та підлітків', NULL),
(1634, 'Фізіологія і психологія праці', NULL),
(1635, 'Фізіологія людини', NULL),
(1636, 'Філософія', NULL),
(1637, 'Філософія ', NULL),
(1638, 'Філософія політики', NULL),
(1639, 'Фінанси', NULL),
(1640, 'Фінанси ', NULL),
(1641, 'Фінанси підприємств', NULL),
(1642, 'Фінанси та банківська справа', NULL),
(1643, 'Фінанси та кредит', NULL),
(1644, 'Фінанси, гроші та кредит', NULL),
(1645, 'Фінансова діяльність суб\'єктів господарювання', NULL),
(1646, 'Фінансова санація та банкрутство підприємств', NULL),
(1647, 'Фінансова статистика', NULL),
(1648, 'Фінансове право', NULL),
(1649, 'Фінансовий аналіз', NULL),
(1650, 'Фінансовий контролінг у сфері бізнесу', NULL),
(1651, 'Фінансовий менеджмент', NULL),
(1652, 'Фінансовий облік І', NULL),
(1653, 'Фінансовий облік ІІ', NULL),
(1654, 'Фінансовий ринок', NULL),
(1655, 'Фінансові основи ціноутворення', NULL),
(1656, 'Фінансово кредитні аспекти ринку нерухомості', NULL),
(1657, 'Формування клієнтоорієнтованого охоронного підприємства', NULL),
(1658, 'Формування та розвиток іміджу', NULL),
(1659, 'Фотожурналістика', NULL),
(1660, 'Фундаментальні основи нанотехнологій', NULL),
(1661, 'Функціональна електроніка', NULL),
(1662, 'Функціональне призначення матеріалів ГТУ в енергетиці', NULL),
(1663, 'Функціональні наноструктурні матеріали та покриття', NULL),
(1664, 'Функціональні пристрої телекомунікаційних систем', NULL),
(1665, 'Харчова хімія', NULL),
(1666, 'Хіміко-термічна обробка', NULL),
(1667, 'Хімія металів', NULL),
(1668, 'Хімія наноструктурованих матеріалів', NULL),
(1669, 'Хімія та екологія', NULL),
(1670, 'Хімія та екологія за професійним спрямуванням', NULL),
(1671, 'Хімія та основи екології', NULL),
(1672, 'Хімія та технології охорони довкілля', NULL),
(1673, 'Художня обробка, технологія збирання та реставрації художніх виробів', NULL),
(1674, 'Цивільне право', NULL),
(1675, 'Цивільний захист і охорона праці в галузі', NULL),
(1676, 'Цивільний процес ', NULL),
(1677, 'Цифрова обробка сигналів', NULL),
(1678, 'Цифрова обробка сигналів і зображень', NULL),
(1679, 'Цифрова схемотехніка', NULL),
(1680, 'Цифрові пристрої та мікропроцесори', NULL),
(1681, 'Цінова політика', NULL),
(1682, 'Ціноутворення в торгівлі ', NULL),
(1683, 'Ціноутворення та кошторисне нормування', NULL),
(1684, 'Чисельні методи', NULL),
(1685, 'Чисельні методи розрахунків на міцність деталей авіаційних двигунів ', NULL),
(1686, 'Шрифт і типографіка', NULL),
(1687, 'Юридична деонтологія', NULL),
(1688, 'Юридична психологія', NULL),
(1689, 'Якість програмного забезпечення та тестування', NULL),
(1690, 'Ремонт ПТДМ машин', NULL),
(1691, 'Дослідження напружено-деформованого стану металоконструкцій ПТДБМ машин', NULL),
(1692, 'Діагностування фактичного стану ПТДБМ машин', NULL),
(1693, 'Надійність технічних систем', NULL),
(1694, 'Компютерне забезпечення технологічної підготовки виробництва', NULL),
(1695, 'Розмірні розрахунки у проектуванні технологічних процесів', NULL),
(1696, 'Дослідження фізичних та механічних властивостей конструкцій', NULL),
(1697, 'Математичне моделювання процесів технічних систем', NULL),
(1698, 'Системи автоматизованого проектування ТП', NULL),
(1699, 'Сучасні технології в машинобудуванні', NULL),
(1700, 'Організація торгівлі та біржової діяльності', NULL),
(1701, 'Інноваційне підприємництво', NULL),
(1702, 'Технології управління персоналом', NULL),
(1703, 'Глобальна економіка', NULL),
(1704, 'Соціальна відповідальність', NULL),
(1705, 'Методологія наукових досліджень', NULL),
(1706, 'Оцінка персоналу', NULL),
(1707, 'Планування комерційної діяльності', NULL),
(1708, 'Управління ризиками та страхування', NULL),
(1709, 'Митна політика і митне регулювання', NULL),
(1710, 'Міжнародні митні та транспортні конвенції і угоди', NULL),
(1711, 'Основи наукових досліджень та новітні методи пошуку і обробки інформації', NULL),
(1712, 'Теплові, гідравлічні та аеродинамічні розрахуки електромеханічних (електротехнічних) систем та комплексів', NULL),
(1713, 'Основи оптимізації складних електромеханічних (електротехнічних) систем та комплексів', NULL),
(1714, 'Основи функціонування та математичного забезпечення систем діагностики, контрольно - вимірювальних приладів і автоматики', NULL),
(1715, 'Монтаж і налагодження електротехнічних пристроїв', NULL),
(1716, 'Основи автоматизованного проектування ел пристроїв і електромеханічних систем', NULL),
(1717, 'Електромагнітні перехідні прцеси', NULL),
(1718, 'Математичні задачі енергетики', NULL),
(1719, 'Експлуатація електроустановок', NULL),
(1720, 'Основи енергоменеджменту', NULL),
(1721, 'Основи наукових досліджень енерговикористання', NULL),
(1722, 'Моделі та методи оптимізації в системі електропостачання', NULL),
(1723, 'Системи керування в енергетичних системах', NULL),
(1724, 'Сучасний математичний апарат при проведенні наукових досліджень', NULL),
(1725, 'Маркетинг енергії та управління проектами  енерговикористання', NULL),
(1726, 'Системи автоматичного проектування в енергозбереженні', NULL),
(1727, 'Енергетичний аудит та економічні аспекти енергоефективності', NULL),
(1728, 'Захист інформації комп\'ютерних систем', NULL),
(1729, 'Комп ютерні мережі', NULL),
(1730, 'Маркетингові дослідження ', NULL),
(1731, 'Методологія прикладних досліджень у маркетингу', NULL),
(1732, 'Екологічний маркетинг', NULL),
(1733, 'Комерційна діяльність посеред. підпр.', NULL),
(1734, 'Маркетинг у банку', NULL),
(1735, 'Глобалізація і транснаціоналізація світової економіка', NULL),
(1736, 'Глобальні проблеми світового господарства і національних економік', NULL),
(1737, 'Економічні ризики у міжнародних транзакціях', NULL),
(1738, 'Бізнес-стратегії у європейському бізнесі', NULL),
(1739, 'Кон\'юнктура світових товарних ринків', NULL),
(1740, 'Дипломатичний протокол та професійна етика', NULL),
(1741, 'Управління міжнародними компаніями', NULL),
(1742, 'Міжнародні стратегії економічного розвитку', NULL),
(1743, 'Бухгалтерський облік ', NULL),
(1744, 'Фінансовій облік ІІ', NULL),
(1745, 'Організація бухгалтерського обліку', NULL),
(1746, 'Бухгалтерський облік в управлінні підприємством', NULL),
(1747, 'Державний фінансовий контроль', NULL),
(1748, 'Організація і методика аудиту', NULL),
(1749, 'Податкове адміністрування податків, зборів, платежів', NULL),
(1750, 'Управлінські інформаційні системи в обліку, аналізі та аудиті', NULL),
(1751, 'Компьютерна дискретна математика', NULL),
(1752, 'Теорія ймовірності та математична статистика ', NULL),
(1753, 'Оптимізаційні методи та моделі в бізнес прцесі', NULL),
(1754, 'Математика', NULL),
(1755, 'Технологія та використання штучних нейронних мереж\nНейроінформатика', NULL),
(1756, 'Нормоконтроль', NULL),
(1757, 'Розробка прикладних інтелектуально-орієнтованих програмних продуктів', NULL),
(1758, 'Технології та системи віртуальної та віддаленої інженерії', NULL),
(1759, 'Аудит та сертифікація у відповідності з ISO', NULL),
(1760, 'Теорія вирішення винахідницьких задач', NULL),
(1761, 'Мультиагентні системи', NULL),
(1762, 'Нечітке програмування', NULL),
(1763, 'Інтелектуальні засоби інтегрованих середовищ розробки', NULL),
(1764, 'Інженерія якості', NULL),
(1765, 'Валідація та верифікація цифрових систем керування', NULL),
(1766, 'Основи обчислювального інтелекту', NULL),
(1767, 'Системний аналіз предметної області', NULL),
(1768, 'Теорія комп\'ютеризованого проектування складних об\'єктів та систем', NULL),
(1769, 'Мережеві системи автоматизації проектування', NULL),
(1770, 'Еволюційні та гібридні інформаційні системи', NULL),
(1771, 'Інформаційні технології та системи віртуальної та віддаленої інженерії', NULL),
(1772, 'Інтелектуальні інформаційні технології', NULL),
(1773, 'Державне управління та місцеве самоврядування', NULL),
(1774, 'Кадрова політика в державній службі', NULL),
(1775, 'Методологія організації наукової діяльності', NULL),
(1776, 'Практикум з медіаторних технологій', NULL),
(1777, 'Соціологія організації', NULL),
(1778, 'Методика викладання суспільствознавчих дисциплін / Вища школа і Болонський процес', NULL),
(1779, 'Актуальні проблеми теорії та практики соціального управління', NULL),
(1780, 'Інновації системи управління соціальними закладами', NULL),
(1781, 'Державні та недержавні заклади системи соціального захисту населення', NULL),
(1782, 'Соціальна та гуманітарна політика України', NULL),
(1783, 'Сучасні технології соціальної реклами та PR в соціальній сфері / Управління соціальними процесами', NULL),
(1784, 'Система документообігу в управлінні соціальними закладами / Соціологія організації', NULL),
(1785, 'Методологія та методи соціологічного дослідження / Методологія наукових досліджень', NULL),
(1786, 'Соціологія сім\'ї', NULL),
(1787, 'Соціальні технології / Соціально-педагогічні та психологічні технології', NULL),
(1788, 'Психологія сім`ї', NULL),
(1789, 'Організація діяльності соціально-психологічних служб', NULL),
(1790, 'Сімейне консультування', NULL),
(1791, 'Теорія і практика психотренінгу', NULL),
(1792, 'Психологія особистості', NULL),
(1793, 'Методика проведення психологічної експертизи в різних галузях психології', NULL),
(1794, 'Актуальні проблеми загальної та соціальної психології', NULL),
(1795, 'Сучасні напрямки практичної психології', NULL),
(1796, 'Організаційна психологія', NULL),
(1797, 'Методика викладання у вищій школі', NULL),
(1798, 'Теорія, розрахунок та проектування компресорів АД та ЕУ', NULL),
(1799, 'Теорія, розрахунок та проектування турбін АД та ЕУ', NULL),
(1800, 'Експлуатація та обслуговування авіаційних двигунів', NULL),
(1801, 'Основи технології ремонту АД ', NULL),
(1802, 'Математичне моделювання  технологічних процесів ', NULL),
(1803, 'Новітні технології двигунобудування', NULL),
(1804, 'Комп\'ютерне моделювання та візуалізація технологічних процесів авіадвигунобудування', NULL),
(1805, 'Спеціальні розділи чисельних методів', NULL),
(1806, 'Спеціальні розділи теорії ПРД', NULL),
(1807, 'Виробництво деталей та складання ДВЗ', NULL),
(1808, 'Інноваційні технології в ресторанному господарстві', NULL),
(1809, 'Стратегічний маркетинг в туризмі', NULL),
(1810, 'Стратегічний маркетинг в ГРС', NULL),
(1811, 'Захист прав споживачів', NULL),
(1812, 'Моніторінг світового ринку готельних та ресторанних послуг', NULL),
(1813, 'Основи ЗЕД', NULL),
(1814, 'Організація сфери туристичних послуг', NULL),
(1815, 'Антикризове управління в туризмі', NULL),
(1816, 'Організація діяльності туристських фірм', NULL),
(1817, 'Управління персоналом туристичного підприємства', NULL),
(1818, 'Методика викладання дисциплин з туризму у ВНЗ', NULL),
(1819, 'Спеціалізований туризм', NULL),
(1820, 'Корпоративне управління', NULL),
(1821, 'Корпоративне управління в туризмі', NULL),
(1822, 'Економіка туризму', NULL),
(1823, 'Інноваційні технології в готельному господарстві', NULL),
(1824, 'Інноваційні моделі туристського обслуговування іноземних туристів', NULL);

-- --------------------------------------------------------

--
-- Структура таблицы `faculty`
--

CREATE TABLE `faculty` (
  `faculty_id` int(11) NOT NULL,
  `faculty_code` varchar(10) NOT NULL,
  `full_name` varchar(255) NOT NULL
) ENGINE=InnoDB DEFAULT CHARSET=utf8;

--
-- Дамп данных таблицы `faculty`
--

INSERT INTO `faculty` (`faculty_id`, `faculty_code`, `full_name`) VALUES
(43, 'ТФ', 'Транспортний'),
(44, 'ІФФ', 'Інженерно-фізичний'),
(45, 'ФЕУ', 'Економіки і управління'),
(46, 'ЕТФ', 'Електротехнічний'),
(47, 'МФ', 'Машинобудівний'),
(48, 'ФРЕТ', 'Радіоелектроніки і телекомунікацій'),
(49, 'ГФ', 'Гуманітарний'),
(50, 'ФКНТ', 'Комп\'ютерних наук і технологій'),
(51, 'ФУФКС', 'Управління фізичною культурою та спортом'),
(52, 'ФМТЕ', 'Міжнародного туризму та економіки'),
(53, 'ФСН', 'Соціальних наук'),
(54, 'ЮФ', 'Юридичний'),
(55, 'ФБАД', 'Будівництва, архітектури та дизайну'),
(56, 'ЗАПАС', 'Запасний');

-- --------------------------------------------------------

--
-- Структура таблицы `lesson`
--

CREATE TABLE `lesson` (
  `lesson_id` int(11) NOT NULL,
  `discipline_id` int(11) NOT NULL,
  `type` varchar(25) CHARACTER SET utf8 NOT NULL,
  `countOfHours` int(11) DEFAULT NULL,
  `control` varchar(20) CHARACTER SET utf8 DEFAULT NULL,
  `department_id` int(11) NOT NULL
) ENGINE=InnoDB DEFAULT CHARSET=utf8mb4 COLLATE=utf8mb4_unicode_ci;

--
-- Дамп данных таблицы `lesson`
--

INSERT INTO `lesson` (`lesson_id`, `discipline_id`, `type`, `countOfHours`, `control`, `department_id`) VALUES
(1, 288, 'лекції', 28, 'залік', 274),
(2, 288, 'лаб.роб.', 12, 'залік', 274),
(3, 287, 'лекції', 28, 'залік', 274),
(4, 287, 'лаб.роб.', 12, 'залік', 274),
(5, 176, 'лекції', 28, 'залік', 274),
(6, 1690, 'лекції', 20, 'екзамен', 274),
(7, 1690, 'практ.роб.', 20, 'екзамен', 274),
(8, 1690, 'лаб.роб.', 10, 'екзамен', 274),
(9, 1690, 'практ.роб.', 20, 'екзамен', 274),
(10, 147, 'лекції    ', 20, 'залік', 274),
(11, 147, 'практ.роб.', 20, 'залік', 274),
(12, 1605, 'лекції    ', 14, 'залік', 274),
(13, 1605, 'практ.роб.', 14, 'залік', 274),
(14, 1239, 'лекції    ', 20, 'екзамен', 274),
(15, 1239, 'лаб.роб.', 20, 'екзамен', 274),
(16, 1691, 'лекції    ', 30, 'екзамен', 274),
(17, 1691, 'практ.роб.', 30, 'екзамен', 274),
(18, 1116, 'лекції    ', 20, 'екзамен', 274),
(19, 1116, 'практ.роб.', 20, 'екзамен', 274),
(20, 1334, 'лекції    ', 28, 'залік', 274),
(21, 1334, 'лаб.роб.', 14, 'залік', 274),
(22, 648, 'лекції    ', 28, 'екзамен', 274),
(23, 648, 'практ.роб.', 12, 'екзамен', 274),
(24, 648, 'лаб.роб.', 12, 'екзамен', 274),
(25, 233, 'лекції    ', 28, 'екзамен', 274),
(26, 233, 'практ.роб.', 12, 'екзамен', 274),
(27, 233, 'лаб.роб.', 12, 'екзамен', 274),
(28, 126, 'лекції    ', 28, 'екзамен', 274),
(29, 126, 'практ.роб.', 12, 'екзамен', 274),
(30, 126, 'лаб.роб.', 12, 'екзамен', 274),
(31, 1692, 'лекції    ', 30, 'екзамен', 274),
(32, 1692, 'практ.роб.', 30, 'екзамен', 274),
(33, 66, 'лекції    ', 12, 'залік', 274),
(34, 66, 'практ.роб.', 12, 'залік', 274),
(35, 1693, 'лекції    ', 30, 'залік', 274),
(36, 1693, 'лаб.роб.', 14, 'залік', 274),
(37, 1387, 'лекції', NULL, NULL, 317),
(38, 1387, 'лаб.роб.', NULL, NULL, 317),
(39, 1387, 'лаб.роб.', NULL, NULL, 317),
(40, 1502, 'лекції', NULL, NULL, 317),
(41, 1502, 'лаб.роб.', NULL, NULL, 317),
(42, 1502, 'лаб.роб.', NULL, NULL, 317),
(43, 1502, 'практ.роб.', NULL, NULL, 317),
(44, 1502, 'практ.роб.', NULL, NULL, 317),
(45, 1496, 'лекції', NULL, NULL, 317),
(46, 1496, 'лаб.роб.', NULL, NULL, 317),
(47, 1496, 'лаб.роб.', NULL, NULL, 317),
(48, 1399, 'лекції', NULL, NULL, 317),
(49, 1399, 'прак.роб.', NULL, NULL, 317),
(50, 1694, 'лекції', NULL, NULL, 317),
(51, 1694, 'лаб.роб.', NULL, NULL, 317),
(52, 26, 'лекції', NULL, NULL, 317),
(53, 26, 'лаб.роб.', NULL, NULL, 317),
(54, 1695, 'лекції', NULL, NULL, 317),
(55, 1695, 'практ.роб.', NULL, NULL, 317),
(56, 1696, 'лекції', NULL, NULL, 317),
(57, 1696, 'лаб.роб.', NULL, NULL, 317),
(58, 1697, 'лекції', NULL, NULL, 317),
(59, 1697, 'лаб.роб.', NULL, NULL, 317),
(60, 1698, 'лекції', NULL, NULL, 317),
(61, 1698, 'лаб.роб.', NULL, NULL, 317),
(62, 1699, 'лекції', NULL, NULL, 317),
(63, 1699, 'практ.роб.', NULL, NULL, 317),
(64, 1502, 'лекції', NULL, NULL, 317),
(65, 1502, 'лаб.роб.', NULL, NULL, 317),
(66, 1502, 'практ.роб.', NULL, NULL, 317),
(67, 1494, 'лекції', NULL, NULL, 317),
(68, 1494, 'лаб.роб.', NULL, NULL, 317),
(69, 176, 'лекції', 30, 'залік', 276),
(70, 176, 'практ.роб.', 30, 'залік', 276),
(71, 228, 'лекції', 30, 'залік', 276),
(72, 228, 'практ.роб.', 14, 'залік', 276),
(73, 1355, 'лекції', 30, 'екзамен', 276),
(74, 1355, 'практ.роб.', 30, 'екзамен', 276),
(75, 254, 'лекції', 45, 'екзамен', 276),
(76, 254, 'практ.роб.', 45, 'екзамен', 276),
(77, 255, 'лекції', 30, 'залік', 276),
(78, 255, 'практ.роб.', 30, 'залік', 276),
(79, 1603, 'лекції', 30, 'екзамен', 276),
(80, 1603, 'практ.роб.', 14, 'екзамен', 276),
(81, 1634, 'лекції', 30, 'екзамен', 276),
(82, 1634, 'практ.роб.', 14, 'екзамен', 276),
(83, 275, 'лекції', 14, 'залік', 276),
(84, 275, 'практ.роб.', 14, 'залік', 276),
(85, 880, 'лекції', 30, 'екзамен', 276),
(86, 880, 'практ.роб.', 14, 'екзамен', 276),
(87, 511, 'лекції', 26, 'екзамен', 276),
(88, 511, 'практ.роб.', 12, 'екзамен', 276),
(89, 1700, 'лекції', 26, 'екзамен', 276),
(90, 1700, 'практ.роб.', 12, 'екзамен', 276),
(91, 106, 'лекції', 26, 'екзамен', 276),
(92, 106, 'практ.роб.', 12, 'екзамен', 276),
(93, 1058, 'лекції', 26, 'залік', 276),
(94, 1058, 'практ.роб.', 12, 'залік', 276),
(95, 1701, 'лекції', 26, 'залік', 276),
(96, 1701, 'практ.роб.', 12, 'залік', 276),
(97, 1593, 'лекції', 32, 'екзамен', 276),
(98, 1593, 'практ.роб.', 22, 'екзамен', 276),
(99, 1591, 'лекції', 22, 'залік', 276),
(100, 1591, 'практ.роб.', 22, 'залік', 276),
(101, 461, 'лекції', 22, 'залік', 276),
(102, 461, 'практ.роб.', 22, 'залік', 276),
(103, 1292, 'лекції', 22, 'залік', 276),
(104, 1292, 'практ.роб.', 22, 'залік', 276),
(105, 1595, 'лекції', 22, 'екзамен', 276),
(106, 1595, 'практ.роб.', 22, 'екзамен', 276),
(107, 338, 'лекції', 10, 'залік', 276),
(108, 338, 'практ.роб.', 10, 'залік', 276),
(109, 858, 'лекції', 22, 'екзамен', 276),
(110, 858, 'практ.роб.', 22, 'екзамен', 276),
(111, 1241, 'лекції', 14, 'залік', 276),
(112, 1241, 'практ.роб.', 30, 'залік', 276),
(113, 1702, 'лекції', 14, 'екзамен', 276),
(114, 1702, 'практ.роб.', 30, 'екзамен', 276),
(115, 1703, 'лекції', 14, 'екзамен', 276),
(116, 1703, 'практ.роб.', 14, 'екзамен', 276),
(117, 1704, 'лекції', 14, 'екзамен', 276),
(118, 1704, 'практ.роб.', 14, 'екзамен', 276),
(119, 1705, 'лекції', 14, 'залік', 276),
(120, 1705, 'практ.роб.', 14, 'залік', 276),
(121, 1706, 'лекції', 14, 'екзамен', 276),
(122, 1706, 'практ.роб.', 30, 'екзамен', 276),
(123, 1598, 'лекції', 14, 'залік', 276),
(124, 1598, 'практ.роб.', 30, 'залік', 276),
(125, 1707, 'лекції', 30, 'екзамен', 276),
(126, 1707, 'практ.роб.', 14, 'екзамен', 276),
(127, 511, 'лекції', 14, 'екзамен', 276),
(128, 511, 'практ.роб.', 30, 'екзамен', 276),
(129, 1709, 'лекції', 30, 'екзамен', 276),
(130, 1709, 'практ.роб.', 14, 'екзамен', 276),
(131, 1708, 'лекції', 30, 'залік', 276),
(132, 1708, 'практ.роб.', 14, 'залік', 276),
(133, 1710, 'лекції', 30, 'залік', 276),
(134, 1710, 'практ.роб.', 14, 'залік', 276),
(135, 1593, 'лекції', 12, 'залік', 276),
(136, 1593, 'практ.роб.', 12, 'залік', 276),
(137, 721, 'лекції', 28, 'залік', 276),
(138, 721, 'практ.роб.', 14, 'залік', 276),
(139, 1069, 'лекціі', 30, 'екзамен', 277),
(140, 1069, 'практ.роб.', 30, 'екзамен', 277),
(141, 741, 'лекціі', 30, 'екзамен', 277),
(142, 741, 'практ.роб.', 14, 'екзамен', 277),
(143, 741, 'практ.роб.', 14, 'екзамен', 277),
(144, 741, 'лекціі', 30, 'екзамен', 277),
(145, 741, 'практ.роб.', 30, 'екзамен', 277),
(146, 741, 'практ.роб.', 30, 'екзамен', 277),
(147, 741, 'лекціі', 30, 'екзамен', 277),
(148, 741, 'практ.роб.', 30, 'екзамен', 277),
(149, 611, 'лекціі', 30, 'екзамен', 277),
(150, 611, 'практ.роб.', 14, 'екзамен', 277),
(151, 611, 'практ.роб.', 14, 'екзамен', 277),
(152, 273, 'лекціі', 30, 'екзамен', 277),
(153, 273, 'практ.роб.', 14, 'екзамен', 277),
(154, 273, 'практ.роб.', 14, 'екзамен', 277),
(155, 273, 'практ.роб.', 14, 'екзамен', 277),
(156, 273, 'лекціі', 14, 'екзамен', 277),
(157, 273, 'практ.роб.', 14, 'екзамен', 277),
(158, 273, 'лекціі', 14, 'екзамен', 277),
(159, 273, 'практ.роб.', 14, 'екзамен', 277),
(160, 273, 'практ.роб.', 14, 'екзамен', 277),
(161, 273, 'лекціі', 14, 'екзамен', 277),
(162, 273, 'практ.роб.', 14, 'екзамен', 277),
(163, 273, 'практ.роб.', 14, 'екзамен', 277),
(164, 273, 'лекціі', 14, 'екзамен', 277),
(165, 273, 'практ.роб.', 14, 'екзамен', 277),
(166, 273, 'практ.роб.', 14, 'екзамен', 277),
(167, 273, 'практ.роб.', 14, 'екзамен', 277),
(168, 273, 'практ.роб.', 14, 'екзамен', 277),
(169, 273, 'лекціі', 14, 'екзамен', 277),
(170, 273, 'практ.роб.', 14, 'екзамен', 277),
(171, 273, 'лекціі', 14, 'екзамен', 277),
(172, 273, 'практ.роб.', 14, 'екзамен', 277),
(173, 273, 'практ.роб.', 14, 'екзамен', 277),
(174, 273, 'лекціі', 14, 'екзамен', 277),
(175, 273, 'практ.роб.', 14, 'екзамен', 277),
(176, 273, 'практ.роб.', 14, 'екзамен', 277),
(177, 273, 'лекціі', 14, 'екзамен', 277),
(178, 273, 'практ.роб.', 14, 'екзамен', 277),
(179, 273, 'практ.роб.', 14, 'екзамен', 277),
(180, 273, 'лекціі', 14, 'екзамен', 277),
(181, 273, 'практ.роб.', 14, 'екзамен', 277),
(182, 273, 'практ.роб.', 14, 'екзамен', 277),
(183, 273, 'лекціі', 14, 'екзамен', 277),
(184, 273, 'практ.роб.', 14, 'екзамен', 277),
(185, 273, 'практ.роб.', 14, 'екзамен', 277),
(186, 273, 'практ.роб.', 14, 'екзамен', 277),
(187, 273, 'практ.роб.', 14, 'екзамен', 277),
(188, 273, 'лекціі', 14, 'екзамен', 277),
(189, 273, 'практ.роб.', 14, 'екзамен', 277),
(190, 273, 'практ.роб.', 14, 'екзамен', 277),
(191, 273, 'практ.роб.', 14, 'екзамен', 277),
(192, 273, 'лекціі', 14, 'екзамен', 277),
(193, 273, 'практ.роб.', 14, 'екзамен', 277),
(194, 273, 'практ.роб.', 14, 'екзамен', 277),
(195, 273, 'практ.роб.', 14, 'екзамен', 277),
(196, 273, 'лекціі', 14, 'екзамен', 277),
(197, 273, 'практ.роб.', 14, 'екзамен', 277),
(198, 273, 'практ.роб.', 14, 'екзамен', 277),
(199, 273, 'практ.роб.', 14, 'екзамен', 277),
(200, 273, 'практ.роб.', 14, 'екзамен', 277),
(201, 273, 'лекціі', 14, 'екзамен', 277),
(202, 273, 'практ.роб.', 14, 'екзамен', 277),
(203, 273, 'практ.роб.', 14, 'екзамен', 277);

-- --------------------------------------------------------

--
-- Структура таблицы `lesson_auditory`
--

CREATE TABLE `lesson_auditory` (
  `lesson_auditory_id` int(11) NOT NULL,
  `lesson_id` int(11) NOT NULL,
  `auditory_id` int(11) NOT NULL
) ENGINE=InnoDB DEFAULT CHARSET=utf8mb4 COLLATE=utf8mb4_unicode_ci;

--
-- Дамп данных таблицы `lesson_auditory`
--

INSERT INTO `lesson_auditory` (`lesson_auditory_id`, `lesson_id`, `auditory_id`) VALUES
(1, 1, 4727),
(2, 1, 4222),
(3, 2, 4727),
(4, 2, 4222),
(5, 3, 4727),
(6, 3, 4222),
(7, 4, 4727),
(8, 4, 4222),
(9, 5, 4223),
(10, 6, 4222),
(11, 7, 4222),
(12, 8, 4223),
(13, 9, 4223),
(14, 10, 4729),
(15, 11, 4729),
(16, 12, 4223),
(17, 13, 4223),
(18, 14, 4729),
(19, 15, 4729),
(20, 16, 4729),
(21, 17, 4729),
(22, 18, 4223),
(23, 19, 4223),
(24, 20, 4729),
(25, 21, 4729),
(26, 22, 4729),
(27, 23, 4729),
(28, 24, 4729),
(29, 25, 4729),
(30, 26, 4729),
(31, 27, 4729),
(32, 28, 4222),
(33, 28, 4223),
(34, 29, 4222),
(35, 29, 4223),
(36, 30, 4222),
(37, 30, 4223),
(38, 31, 4729),
(39, 32, 4729),
(40, 33, 4225),
(41, 34, 4225),
(42, 35, 4729),
(43, 36, 4729),
(44, 37, 4505),
(45, 38, 4505),
(46, 39, 4505),
(47, 40, 4725),
(48, 40, 4512),
(49, 41, 4214),
(50, 42, 4214),
(51, 43, 4215),
(52, 43, 4214),
(53, 43, 4219),
(54, 44, 4215),
(55, 44, 4214),
(56, 44, 4219),
(57, 45, 4725),
(58, 45, 4512),
(59, 46, 4505),
(60, 47, 4505),
(61, 48, 4725),
(62, 48, 4512),
(63, 49, 4214),
(64, 49, 4215),
(65, 50, 4505),
(66, 51, 4505),
(67, 52, 4505),
(68, 53, 4505),
(69, 54, 4725),
(70, 54, 4512),
(71, 55, 4214),
(72, 55, 4215),
(73, 56, 4505),
(74, 57, 4505),
(75, 58, 4505),
(76, 59, 4505),
(77, 60, 4505),
(78, 61, 4505),
(79, 62, 4505),
(80, 63, 4505),
(81, 64, 4304),
(82, 64, 4512),
(83, 65, 4214),
(84, 66, 4214),
(85, 66, 4215),
(86, 67, 4304),
(87, 67, 4512),
(88, 68, 4219),
(89, 92, 4573),
(90, 94, 4573),
(91, 97, 4665),
(92, 98, 4665),
(93, 101, 4665),
(94, 102, 4573),
(95, 139, 4715),
(96, 139, 4723),
(97, 140, 4715),
(98, 140, 4723),
(99, 141, 4715),
(100, 141, 4723),
(101, 142, 4715),
(102, 142, 4723),
(103, 143, 4715),
(104, 143, 4723),
(105, 144, 4715),
(106, 144, 4723),
(107, 145, 4715),
(108, 145, 4723),
(109, 146, 4715),
(110, 146, 4723),
(111, 147, 4715),
(112, 147, 4723),
(113, 148, 4715),
(114, 148, 4723),
(115, 149, 4715),
(116, 149, 4723),
(117, 150, 4715),
(118, 150, 4723),
(119, 151, 4715),
(120, 151, 4723),
(121, 152, 4715),
(122, 152, 4723),
(123, 153, 4715),
(124, 153, 4723),
(125, 154, 4715),
(126, 154, 4723),
(127, 155, 4715),
(128, 155, 4723),
(129, 156, 4715),
(130, 156, 4723),
(131, 157, 4715),
(132, 157, 4723),
(133, 158, 4715),
(134, 158, 4723),
(135, 159, 4715),
(136, 159, 4723),
(137, 160, 4715),
(138, 160, 4723),
(139, 161, 4715),
(140, 161, 4723),
(141, 162, 4715),
(142, 162, 4723),
(143, 163, 4715),
(144, 163, 4723),
(145, 164, 4715),
(146, 164, 4723),
(147, 165, 4715),
(148, 165, 4723),
(149, 166, 4715),
(150, 166, 4723),
(151, 167, 4715),
(152, 167, 4723),
(153, 168, 4715),
(154, 168, 4723),
(155, 169, 4715),
(156, 169, 4723),
(157, 170, 4715),
(158, 170, 4723),
(159, 171, 4715),
(160, 171, 4723),
(161, 172, 4715),
(162, 172, 4723),
(163, 173, 4715),
(164, 173, 4723),
(165, 174, 4715),
(166, 174, 4723),
(167, 175, 4715),
(168, 175, 4723),
(169, 176, 4715),
(170, 176, 4723),
(171, 177, 4715),
(172, 177, 4723),
(173, 178, 4715),
(174, 178, 4723),
(175, 179, 4715),
(176, 179, 4723),
(177, 180, 4715),
(178, 180, 4723),
(179, 181, 4715),
(180, 181, 4723),
(181, 182, 4715),
(182, 182, 4723),
(183, 183, 4715),
(184, 183, 4723),
(185, 184, 4715),
(186, 184, 4723),
(187, 185, 4715),
(188, 185, 4723),
(189, 186, 4715),
(190, 186, 4723),
(191, 187, 4715),
(192, 187, 4723),
(193, 188, 4715),
(194, 188, 4723),
(195, 189, 4715),
(196, 189, 4723),
(197, 190, 4715),
(198, 190, 4723),
(199, 191, 4715),
(200, 191, 4723),
(201, 192, 4715),
(202, 192, 4723),
(203, 193, 4715),
(204, 193, 4723),
(205, 194, 4715),
(206, 194, 4723),
(207, 195, 4715),
(208, 195, 4723),
(209, 196, 4715),
(210, 196, 4723),
(211, 197, 4715),
(212, 197, 4723),
(213, 198, 4715),
(214, 198, 4723),
(215, 199, 4715),
(216, 199, 4723),
(217, 200, 4715),
(218, 200, 4723),
(219, 201, 4715),
(220, 201, 4723),
(221, 202, 4715),
(222, 202, 4723),
(223, 203, 4715),
(224, 203, 4723);

-- --------------------------------------------------------

--
-- Структура таблицы `lesson_teacher`
--

CREATE TABLE `lesson_teacher` (
  `lesson_teacher_id` int(11) NOT NULL,
  `lesson_id` int(11) NOT NULL,
  `teacher_id` int(11) NOT NULL
) ENGINE=InnoDB DEFAULT CHARSET=utf8mb4 COLLATE=utf8mb4_unicode_ci;

--
-- Дамп данных таблицы `lesson_teacher`
--

INSERT INTO `lesson_teacher` (`lesson_teacher_id`, `lesson_id`, `teacher_id`) VALUES
(1, 1, 115),
(2, 2, 115),
(3, 3, 115),
(4, 4, 115),
(5, 5, 118),
(6, 6, 125),
(7, 7, 125),
(8, 8, 127),
(9, 9, 127),
(10, 10, 120),
(11, 11, 120),
(12, 12, 125),
(13, 13, 125),
(14, 14, 124),
(15, 15, 124),
(16, 16, 120),
(17, 17, 120),
(18, 18, 127),
(19, 19, 127),
(20, 20, 114),
(21, 21, 114),
(22, 22, 114),
(23, 23, 114),
(24, 24, 114),
(25, 25, 114),
(26, 26, 114),
(27, 27, 114),
(28, 28, 118),
(29, 29, 118),
(30, 30, 118),
(31, 31, 123),
(32, 32, 123),
(33, 33, 125),
(34, 34, 125),
(35, 35, 1184),
(36, 36, 1184),
(37, 37, 71),
(38, 38, 71),
(39, 38, 64),
(40, 39, 71),
(41, 39, 64),
(42, 40, 55),
(43, 41, 55),
(44, 41, 59),
(45, 42, 55),
(46, 42, 59),
(47, 43, 55),
(48, 44, 55),
(49, 45, 55),
(50, 46, 55),
(51, 46, 64),
(52, 47, 55),
(53, 47, 64),
(54, 48, 1185),
(55, 49, 1185),
(56, 50, 64),
(57, 51, 64),
(58, 51, 62),
(59, 52, 64),
(60, 53, 64),
(61, 53, 71),
(62, 54, 65),
(63, 55, 65),
(64, 56, 1185),
(65, 57, 1185),
(66, 57, 71),
(67, 58, 1185),
(68, 59, 1185),
(69, 59, 71),
(70, 60, 55),
(71, 61, 55),
(72, 61, 68),
(73, 62, 65),
(74, 63, 65),
(75, 64, 65),
(76, 65, 65),
(77, 65, 68),
(78, 66, 65),
(79, 67, 60),
(80, 68, 60),
(81, 68, 1205),
(82, 69, 973),
(83, 70, 973),
(84, 71, 1015),
(85, 72, 1015),
(86, 73, 1015),
(87, 74, 1015),
(88, 75, 1021),
(89, 76, 1021),
(90, 77, 969),
(91, 78, 969),
(92, 79, 1009),
(93, 80, 1009),
(94, 81, 973),
(95, 82, 973),
(96, 83, 1014),
(97, 84, 1014),
(98, 85, 1014),
(99, 86, 1014),
(100, 87, 1014),
(101, 88, 1014),
(102, 89, 1021),
(103, 90, 1021),
(104, 91, 969),
(105, 92, 969),
(106, 93, 969),
(107, 94, 969),
(108, 95, 1021),
(109, 96, 1021),
(110, 97, 967),
(111, 98, 967),
(112, 99, 1009),
(113, 100, 1009),
(114, 101, 967),
(115, 102, 967),
(116, 103, 1015),
(117, 104, 1015),
(118, 105, 1016),
(119, 106, 1016),
(120, 107, 973),
(121, 108, 973),
(122, 109, 1028),
(123, 110, 1028),
(124, 111, 1028),
(125, 112, 1028),
(126, 113, 1186),
(127, 114, 1186),
(128, 115, 1016),
(129, 116, 1016),
(130, 117, 1186),
(131, 118, 1186),
(132, 119, 1002),
(133, 120, 1002),
(134, 121, 1024),
(135, 122, 1024),
(136, 123, 1028),
(137, 124, 1028),
(138, 125, 969),
(139, 126, 969),
(140, 127, 1014),
(141, 128, 1014),
(142, 129, 1021),
(143, 130, 1021),
(144, 131, 1028),
(145, 132, 1028),
(146, 133, 1002),
(147, 134, 1002),
(148, 135, 1028),
(149, 136, 1028),
(150, 137, 1028),
(151, 138, 1028),
(152, 139, 1187),
(153, 140, 1187),
(154, 141, 734),
(155, 142, 734),
(156, 143, 734),
(157, 144, 734),
(158, 145, 734),
(159, 146, 734),
(160, 147, 734),
(161, 148, 734),
(162, 149, 1187),
(163, 150, 1187),
(164, 151, 1187),
(165, 152, 744),
(166, 153, 744),
(167, 154, 744),
(168, 155, 744),
(169, 156, 746),
(170, 157, 746),
(171, 158, 746),
(172, 159, 746),
(173, 160, 746),
(174, 161, 1187),
(175, 162, 1187),
(176, 163, 1187),
(177, 164, 746),
(178, 165, 746),
(179, 166, 746),
(180, 167, 746),
(181, 168, 746),
(182, 169, 742),
(183, 170, 742),
(184, 171, 742),
(185, 172, 742),
(186, 173, 742),
(187, 174, 737),
(188, 175, 737),
(189, 176, 737),
(190, 177, 737),
(191, 178, 737),
(192, 179, 737),
(193, 180, 737),
(194, 181, 737),
(195, 182, 737),
(196, 183, 744),
(197, 184, 744),
(198, 185, 744),
(199, 186, 744),
(200, 187, 744),
(201, 188, 743),
(202, 189, 743),
(203, 190, 743),
(204, 191, 743),
(205, 192, 743),
(206, 193, 743),
(207, 194, 743),
(208, 195, 743),
(209, 196, 730),
(210, 197, 730),
(211, 198, 730),
(212, 199, 730),
(213, 200, 730),
(214, 201, 730),
(215, 202, 730),
(216, 203, 730);

-- --------------------------------------------------------

--
-- Структура таблицы `study_group`
--

CREATE TABLE `study_group` (
  `study_group_id` int(11) NOT NULL,
  `department_id` int(11) NOT NULL,
  `study_group_code` varchar(50) DEFAULT NULL,
  `full_name` varchar(50) NOT NULL,
  `course_number` int(11) DEFAULT NULL,
  `count_of_students` int(11) NOT NULL
) ENGINE=InnoDB DEFAULT CHARSET=utf8;

--
-- Дамп данных таблицы `study_group`
--

INSERT INTO `study_group` (`study_group_id`, `department_id`, `study_group_code`, `full_name`, `course_number`, `count_of_students`) VALUES
(3, 269, 'Т-1', 'Т-119', NULL, 5),
(4, 269, 'Т-1', 'Т-129сп(Б)', NULL, 17),
(5, 270, 'БАД-1', 'БАД-118сп', NULL, 1),
(6, 270, 'БАД-1', 'БАД-119', NULL, 11),
(7, 270, 'БАД-1', 'БАД-119ін', NULL, 1),
(8, 270, 'БАД-1', 'БАД-119сп', NULL, 35),
(9, 270, 'БАД-3', 'БАД-319', NULL, 2),
(10, 270, 'БАД-8', 'БАД-819', NULL, 4),
(11, 273, 'Т-4', 'Т-419', NULL, 6),
(12, 273, 'Т-4', 'Т-419сп', NULL, 9),
(13, 273, 'Т-4', 'Т-429сп(Т)', NULL, 12),
(14, 274, 'М-3', 'М-319', NULL, 4),
(15, 274, 'М-3', 'М-319сп', NULL, 22),
(16, 274, 'М-3', 'М-329сп(Б)', NULL, 1),
(17, 276, 'МТЕ-2', 'МТЕ-219', NULL, 11),
(18, 276, 'МТЕ-2', 'МТЕ-219сп', NULL, 8),
(19, 276, 'МТЕ-5', 'МТЕ-519', NULL, 2),
(20, 276, 'МТЕ-6', 'МТЕ-619', NULL, 2),
(21, 278, 'Е-2', 'Е-219', NULL, 6),
(22, 278, 'Е-2', 'Е-219сп', NULL, 30),
(23, 278, 'Е-2', 'Е-229сп', NULL, 26),
(24, 278, 'Е-2', 'Е-239сп', NULL, 27),
(25, 278, 'Е-2', 'Е-249сп', NULL, 28),
(26, 279, 'Е-4', 'Е-419', NULL, 8),
(27, 279, 'Е-4', 'Е-419англ', NULL, 8),
(28, 279, 'Е-4', 'Е-419сп', NULL, 16),
(29, 279, 'Е-8', 'Е-819', NULL, 2),
(30, 279, 'Е-8', 'Е-819сп', NULL, 2),
(31, 280, 'Е-1', 'Е-119', NULL, 5),
(32, 280, 'Е-1', 'Е-119сп', NULL, 29),
(33, 280, 'Е-5', 'Е-519сп', NULL, 2),
(34, 281, 'Е-3', 'Е-319', NULL, 3),
(35, 281, 'Е-3', 'Е-319сп', NULL, 27),
(36, 281, 'Е-6', 'Е-619сп', NULL, 6),
(37, 281, 'Е-7', 'Е-719сп', NULL, 3),
(38, 282, 'СН-3', 'СН-319', NULL, 7),
(39, 283, 'Ю-2', 'Ю-219', NULL, 18),
(40, 283, 'Ю-2', 'Ю-219сп', NULL, 1),
(41, 284, 'РТ-7', 'РТ-719', NULL, 4),
(42, 284, 'РТ-8', 'РТ-819', NULL, 18),
(43, 288, 'РТ-1', 'РТ-119сп', NULL, 13),
(44, 288, 'РТ-5', 'РТ-519', NULL, 4),
(45, 288, 'РТ-5', 'РТ-519ін', NULL, 1),
(46, 288, 'РТ-5', 'РТ-519сп', NULL, 16),
(47, 288, 'РТ-6', 'РТ-619', NULL, 14),
(48, 288, 'РТ-6', 'РТ-619сп', NULL, 10),
(49, 288, 'РТ-6', 'РТ-629', NULL, 1),
(50, 290, 'КНТ-5', 'КНТ-519', NULL, 24),
(51, 289, 'БАД-2', 'БАД-219', NULL, 3),
(52, 289, 'БАД-2', 'БАД-219сп', NULL, 9),
(53, 291, 'Ю-1', 'Ю-119', NULL, 21),
(54, 291, 'Ю-1', 'Ю-119сп', NULL, 31),
(55, 292, 'Ю-3', 'Ю-319', NULL, 29),
(56, 293, 'ФЕУ-2', 'ФЕУ-219', NULL, 6),
(57, 293, 'ФЕУ-4', 'ФЕУ-419', NULL, 9),
(58, 293, 'ФЕУ-4', 'ФЕУ-419сп', NULL, 1),
(59, 294, 'ІФ-1', 'ІФ-119', NULL, 6),
(60, 294, 'ІФ-1', 'ІФ-119сп', NULL, 2),
(61, 294, 'ІФ-1', 'ІФ-129сп(Б)', NULL, 12),
(62, 294, 'ІФ-5', 'ІФ-519', NULL, 9),
(63, 294, 'ІФ-5', 'ІФ-519сп', NULL, 20),
(64, 295, 'ФЕУ-3', 'ФЕУ-319', NULL, 13),
(65, 295, 'ФЕУ-5', 'ФЕУ-518', NULL, 1),
(66, 295, 'ФЕУ-5', 'ФЕУ-519', NULL, 24),
(67, 296, 'М-2', 'М-219', NULL, 2),
(68, 296, 'М-2', 'М-219сп', NULL, 27),
(69, 296, 'М-2', 'М-229сп(Б)', NULL, 11),
(70, 296, 'М-2', 'М-239сп(Т)', NULL, 5),
(71, 298, 'ГФ-2', 'ГФ-219', NULL, 11),
(72, 298, 'ГФ-2', 'ГФ-219ін', NULL, 2),
(73, 298, 'ГФ-2', 'ГФ-219сп', NULL, 2),
(74, 299, 'РТ-3', 'РТ-319', NULL, 4),
(75, 299, 'РТ-3', 'РТ-319сп', NULL, 4),
(76, 299, 'РТ-4', 'РТ-419', NULL, 3),
(77, 299, 'РТ-4', 'РТ-419сп', NULL, 9),
(78, 301, 'ІФ-3', 'ІФ-319', NULL, 6),
(79, 301, 'ІФ-3', 'ІФ-319сп', NULL, 10),
(80, 301, 'ІФ-3', 'ІФ-329сп(Б)', NULL, 1),
(81, 301, 'ІФ-4', 'ІФ-419', NULL, 1),
(82, 301, 'ІФ-4', 'ІФ-419сп', NULL, 6),
(83, 301, 'ІФ-4', 'ІФ-429сп(Б)', NULL, 4),
(84, 302, 'ФЕУ-6', 'ФЕУ-619', NULL, 14),
(85, 302, 'ФЕУ-6', 'ФЕУ-619сп', NULL, 1),
(86, 303, 'М-8', 'М-819', NULL, 3),
(87, 303, 'М-8', 'М-819сп', NULL, 18),
(88, 303, 'М-8', 'М-829сп(Б)', NULL, 1),
(89, 303, 'М-8', 'М-839сп(Т)', NULL, 2),
(90, 305, 'БАД-4', 'БАД-419', NULL, 17),
(91, 305, 'БАД-4', 'БАД-419сп', NULL, 13),
(92, 308, 'КНТ-1', 'КНТ-119', NULL, 22),
(93, 308, 'КНТ-1', 'КНТ-119сп', NULL, 23),
(94, 308, 'КНТ-1', 'КНТ-129', NULL, 21),
(95, 308, 'КНТ-1', 'КНТ-129сп', NULL, 22),
(96, 308, 'КНТ-1', 'КНТ-139', NULL, 22),
(97, 308, 'КНТ-2', 'КНТ-219', NULL, 21),
(98, 308, 'КНТ-2', 'КНТ-219сп', NULL, 19),
(99, 308, 'КНТ-2', 'КНТ-229', NULL, 21),
(100, 309, 'СН-1', 'СН-119', NULL, 11),
(101, 310, 'РТ-2', 'РТ-219сп', NULL, 5),
(102, 310, 'РТ-9', 'РТ-919', NULL, 9),
(103, 310, 'РТ-9', 'РТ-919сп', NULL, 14),
(104, 311, 'КНТ-8', 'КНТ-819', NULL, 2),
(105, 311, 'КНТ-8', 'КНТ-819сп', NULL, 7),
(106, 312, 'СН-2', 'СН-219', NULL, 29),
(107, 312, 'СН-5', 'СН-519', NULL, 5),
(108, 313, 'УФКС-3', 'УФКС-319', NULL, 19),
(109, 313, 'УФКС-3', 'УФКС-319сп', NULL, 1),
(110, 315, 'ГФ-3', 'ГФ-319', NULL, 16),
(111, 315, 'ГФ-3', 'ГФ-329', NULL, 16),
(112, 316, 'М-6', 'М-619', NULL, 1),
(113, 316, 'М-6', 'М-619сп', NULL, 25),
(114, 316, 'М-7', 'М-719', NULL, 4),
(115, 316, 'М-7', 'М-719сп', NULL, 12),
(116, 317, 'М', 'М 119сп', NULL, 3),
(117, 317, 'М-1', 'М-119', NULL, 2),
(118, 317, 'М-1', 'М-119сп', NULL, 23),
(119, 317, 'М-1', 'М-129сп', NULL, 26),
(120, 317, 'М-1', 'М-139сп(Б)', NULL, 4),
(121, 318, 'Т-3', 'Т-319', NULL, 27),
(122, 318, 'Т-3', 'Т-319сп', NULL, 15),
(123, 318, 'Т-8', 'Т-819', NULL, 7),
(124, 318, 'Т-8', 'Т-819сп', NULL, 24),
(125, 319, 'МТЕ-1', 'МТЕ-119', NULL, 23),
(126, 319, 'МТЕ-1', 'МТЕ-119сп', NULL, 19),
(127, 319, 'МТЕ-1', 'МТЕ-129', NULL, 23),
(128, 319, 'МТЕ-1', 'МТЕ-139', NULL, 23),
(129, 319, 'МТЕ-1', 'МТЕ-149', NULL, 20),
(130, 319, 'МТЕ-4', 'МТЕ-419', NULL, 15),
(131, 319, 'МТЕ-4', 'МТЕ-429', NULL, 15),
(132, 323, 'ІФ-2', 'ІФ-219', NULL, 11),
(133, 323, 'ІФ-2', 'ІФ-219сп', NULL, 15),
(134, 323, 'ІФ-2', 'ІФ-229сп(Т)', NULL, 3),
(135, 323, 'ІФ-6', 'ІФ-619сп', NULL, 7),
(136, 327, 'ФЕУ-1', 'ФЕУ-119', NULL, 6),
(137, 327, 'ФЕУ-1', 'ФЕУ-119сп', NULL, 3);

-- --------------------------------------------------------

--
-- Структура таблицы `teacher`
--

CREATE TABLE `teacher` (
  `teacher_id` int(11) NOT NULL,
  `department_id` int(11) NOT NULL,
  `full_name` varchar(75) NOT NULL,
  `sex` text NOT NULL,
  `post` varchar(50) NOT NULL,
  `status` varchar(50) NOT NULL,
  `is_not_working` tinyint(1) DEFAULT 0,
  `favourite_days` varchar(255) DEFAULT NULL,
  `favourite_time` varchar(255) DEFAULT NULL,
  `priority` int(11) DEFAULT NULL
) ENGINE=InnoDB DEFAULT CHARSET=utf8;

--
-- Дамп данных таблицы `teacher`
--

INSERT INTO `teacher` (`teacher_id`, `department_id`, `full_name`, `sex`, `post`, `status`, `is_not_working`, `favourite_days`, `favourite_time`, `priority`) VALUES
(1, 269, 'Артюх Олександр Миколайович', 'м', 'Доцент', 'к.н.,доцент', 0, NULL, NULL, NULL),
(3, 269, 'Дударенко Ольга Василівна', 'ж', 'Доцент', 'к.н.,доцент', 0, NULL, NULL, NULL),
(5, 269, 'Кубіч Вадим Іванович', 'м', 'Доцент', 'к.н.,доцент', 0, NULL, NULL, NULL),
(7, 269, 'Слюсаров Олександр Степанович', 'м', 'Доцент ', 'к.н.,доцент', 0, NULL, NULL, NULL),
(9, 269, 'Сосик Андрій Юрійович', 'м', 'Зав. кафедри', 'к.н.,доцент', 0, NULL, NULL, NULL),
(11, 269, 'Щербина Андрій Васильович', 'м', 'Доцент', 'к.н.', 0, NULL, NULL, NULL),
(13, 318, 'Бабушкін Геннадій Федорович', 'м', 'Професор', 'д.н.,професор', 0, NULL, NULL, NULL),
(15, 318, 'Васильєва Лариса Олексіївна', 'ж', 'Ст. викладач', '', 0, NULL, NULL, NULL),
(16, 318, 'Веремеєнко Лілія Анатоліївна', 'ж', 'Ст. викладач', '', 0, NULL, NULL, NULL),
(18, 318, 'Грицай Сергій Васильович', 'м', 'Ст. викладач', '', 0, NULL, NULL, NULL),
(20, 318, 'Каплуновська Алла Миколаївна', 'ж', 'Ст. викладач', '', 0, NULL, NULL, NULL),
(22, 318, 'Кузькін Олексій Феліксович', 'м', 'Доцент', 'к.н.,доцент', 0, NULL, NULL, NULL),
(23, 318, 'Лебідь Ганна Олександрівна', 'ж', 'Ст. викладач', '', 0, NULL, NULL, NULL),
(24, 318, 'Падченко Олена Олександрівна', 'ж', 'Ст. викладач', '', 0, NULL, NULL, NULL),
(25, 318, 'Райда Ігор Михайлович', 'м', 'Ст. викладач', '', 0, NULL, NULL, NULL),
(26, 318, 'Сущенко Роман Віталійович', 'м', 'Професор', 'д.н.,доцент', 0, NULL, NULL, NULL),
(28, 318, 'Тарасенко Олександр Віталійович', 'м', 'Ст. викладач', '', 0, NULL, NULL, NULL),
(29, 318, 'Трушевський Вячеслав Едуардович', 'м', 'Доцент', 'к.н.', 0, NULL, NULL, NULL),
(31, 318, 'Турпак Сергій Миколайович', 'м', 'Зав. кафедри', 'д.н.,професор', 0, NULL, NULL, NULL),
(33, 318, 'Харченко Тамара Володимирівна', 'ж', 'Ст. викладач', '', 0, NULL, NULL, NULL),
(34, 318, 'Юдін Володимир Петрович', 'м', 'Доцент ', 'к.н.,доцент', 0, NULL, NULL, NULL),
(35, 273, 'Беженов Сергій Олександрович', 'м', 'Доцент', 'к.н.,доцент', 0, NULL, NULL, NULL),
(37, 273, 'Євсєєва Наталія Олексіївна', 'ж', 'Доцент', 'к.н.', 0, NULL, NULL, NULL),
(38, 273, 'Кубіч Вадим Іванович', 'м', 'Доцент', 'к.н.,доцент', 0, NULL, NULL, NULL),
(39, 273, 'Мазін Володимир Олексійович', 'м', 'Доцент', 'к.н.,доцент', 0, NULL, NULL, NULL),
(41, 273, 'Рябошапка Наталя Євгенівна', 'ж', 'Ст. викладач', '', 0, NULL, NULL, NULL),
(42, 273, 'Слинько Віра Василівна', 'ж', 'Ст. викладач', '', 0, NULL, NULL, NULL),
(43, 273, 'Слинько Георгій Іванович', 'м', 'Зав. кафедри', 'д.н.,професор', 0, NULL, NULL, NULL),
(45, 273, 'Сухонос Роман Федорович', 'м', 'Ст. викладач', '', 0, NULL, NULL, NULL),
(46, 273, 'Цокотун Павло Васильович', 'м', 'Ст. викладач', '', 0, NULL, NULL, NULL),
(47, 300, 'Бажміна Евеліна Анатоліївна', 'ж', 'Ст. викладач', '', 0, NULL, NULL, NULL),
(48, 300, 'Бовкун Світлана Анатоліївна', 'ж', 'Ст. викладач', '', 0, NULL, NULL, NULL),
(49, 300, 'Бялік Гаррі Абрамович', 'м', 'Доцент', 'к.н.,доцент', 0, NULL, NULL, NULL),
(50, 300, 'Корнієнко Олена Борисівна', 'ж', 'Ст. викладач', '', 0, NULL, NULL, NULL),
(51, 300, 'Лютова Ольга Валеріївна', 'ж', 'Доцент', 'к.н.,доцент', 0, NULL, NULL, NULL),
(52, 300, 'Скоробогата Маріанна Василівна', 'ж', 'Ст. викладач', '', 0, NULL, NULL, NULL),
(53, 300, 'Шаломєєв Вадим Анатолійович ', 'м', 'Зав. кафедри', 'д.н.,професор', 0, NULL, NULL, NULL),
(54, 317, 'Вишнепольский Євген Валерійович', 'м', 'Ст. викладач', '', 0, NULL, NULL, NULL),
(55, 317, 'Вишнепольський Євген Валерійович', 'м', 'Ст. викладач', '', 0, NULL, NULL, NULL),
(56, 317, 'Гермашев Антон Ігорович', 'м', 'Доцент', 'к.н.', 0, NULL, NULL, NULL),
(57, 317, 'Глушко Андрій Володимирович', 'м', 'Ст. викладач', '', 0, NULL, NULL, NULL),
(58, 317, 'Гончар Наталія Вікторівна', 'ж', 'Доцент', 'к.н.,доцент', 0, NULL, NULL, NULL),
(59, 317, 'Дядя Сергій Іванович', 'м', 'Зав. кафедри', 'к.н.,доцент', 0, NULL, NULL, NULL),
(60, 317, 'Козлова Олена Борисівна', 'ж', 'Доцент', 'к.н.', 0, NULL, NULL, NULL),
(62, 317, 'Кондратюк Едуард Васильович', 'м', 'Доцент', 'к.н.,доцент', 0, NULL, NULL, NULL),
(63, 317, 'Кононов Віталій Владиславович', 'м', 'Доцент ', 'к.н.', 0, NULL, NULL, NULL),
(64, 317, 'Кучугуров Марк Валерійович', 'м', 'Ст. викладач', '', 0, NULL, NULL, NULL),
(65, 317, 'Логомінов Віктор Олексійович', 'м', 'Доцент', 'к.н.,доцент', 0, NULL, NULL, NULL),
(66, 317, 'Паміров Володимир Миколайович', 'м', 'Асистент', '', 0, NULL, NULL, NULL),
(67, 317, 'Патюпкін Андрій Володимирович', 'м', 'Доцент', 'к.н.', 0, NULL, NULL, NULL),
(68, 317, 'Пухальська Гульнара Вікторівна', 'ж', 'Доцент', 'к.н.,доцент', 0, NULL, NULL, NULL),
(70, 317, 'Савчук Наталія Олександрівна', 'ж', 'Асистент', '', 0, NULL, NULL, NULL),
(71, 317, 'Степанов Дмитро Миколайович', 'м', 'Ст. викладач', '', 0, NULL, NULL, NULL),
(73, 317, 'Томілін Вадим Миколайовіич', 'м', 'Асистент', '', 0, NULL, NULL, NULL),
(74, 317, 'Шитікова Олена Вікторівна', 'м', 'Доцент', 'к.н.', 0, NULL, NULL, NULL),
(75, 317, 'Штанкевич Вікторія Серіївна', 'ж', 'Ст. викладач', '', 0, NULL, NULL, NULL),
(76, 316, 'Бабенко Ольга Миколаївна', 'ж', 'Ст. викладач', '', 0, NULL, NULL, NULL),
(78, 316, 'Березовський Євген Кирилович', 'м', 'Ст. викладач', '', 0, NULL, NULL, NULL),
(79, 316, 'Богуслаєв В\"ячеслав Олександрович', 'м', 'Професор ', 'д.н.,професор', 0, NULL, NULL, NULL),
(80, 316, 'Бут Павло Олексійович', 'м', 'Ст. викладач', '', 0, NULL, NULL, NULL),
(81, 316, 'Двірник Ярослав Вікторович', 'м', 'Ст. викладач', 'к.н.', 0, NULL, NULL, NULL),
(82, 316, 'Єршов Анатолій Васильович', 'м', 'Професор', 'д.н.,професор', 0, NULL, NULL, NULL),
(83, 316, 'Качан Олексій Якович', 'м', 'Зав. кафедри', 'д.н.,професор', 0, NULL, NULL, NULL),
(85, 316, 'Кривих Юлія Ігорівна', 'ж', 'Ст. викладач', '', 0, NULL, NULL, NULL),
(87, 316, 'Лазарєва Ольга Олександрівна', 'ж', 'Ст. викладач', '', 0, NULL, NULL, NULL),
(88, 316, 'Мельник (Іванова) Ольга Олександрівна', 'ж', 'Ст. викладач', '', 0, NULL, NULL, NULL),
(89, 316, 'Овчинников Олександр Володимирович', 'м', 'Професор', 'д.н.,професор', 0, NULL, NULL, NULL),
(90, 316, 'Павленко Дмитро Вікторович', 'м', 'Професор', 'к.н.,доцент', 0, NULL, NULL, NULL),
(91, 316, 'Прибора Тетяна Іванівна', 'ж', 'Ст. викладач', '', 0, NULL, NULL, NULL),
(92, 316, 'Сахнюк Наталія Василівна', 'ж', 'Доцент ', 'к.н.,доцент', 0, NULL, NULL, NULL),
(93, 316, 'Сахнюк Наталія Василівна*', 'ж', 'Доцент ', 'к.н.,доцент', 0, NULL, NULL, NULL),
(94, 316, 'Ткач Дар\'я Володимирівна', 'ж', 'Доцент', 'к.н.', 0, NULL, NULL, NULL),
(95, 296, 'Глушко Павел Васильович', 'м', 'Ст. викладач', '', 0, NULL, NULL, NULL),
(96, 296, 'Івщенко Леонід Йосипович', 'м', 'Професор', 'д.н.,професор', 0, NULL, NULL, NULL),
(98, 296, 'Комочкін Микола Сергійович', 'м', 'Ст. викладач', '', 0, NULL, NULL, NULL),
(100, 296, 'Матвєєнко Любов Сергіївна', 'ж', 'Асистент', '', 0, NULL, NULL, NULL),
(102, 296, 'Петрикін Володимир Васильович', 'м', 'Професор ', 'к.н.,доцент', 0, NULL, NULL, NULL),
(103, 296, 'Солоха Василь Васильович', 'м', 'Доцент', 'к.н.,доцент', 0, NULL, NULL, NULL),
(105, 296, 'Танченко Сергій Віталійович', 'м', 'Асистент', '', 0, NULL, NULL, NULL),
(107, 296, 'Фролов Михайло Володимирович ', 'м', 'Зав. кафедри', 'к.н.,доцент', 0, NULL, NULL, NULL),
(109, 296, 'Циганов Володимир Васильович', 'м', 'Професор ', 'д.н.,доцент', 0, NULL, NULL, NULL),
(111, 296, 'Чорний Валентин Іванович', 'м', 'Асистент', '', 0, NULL, NULL, NULL),
(112, 296, 'Штанкевич Вікторія Серіївна', 'ж', 'Ст. викладач', '', 0, NULL, NULL, NULL),
(114, 274, 'Волков Григорій Петрович', 'м', 'Доцент ', 'к.н.,доцент', 0, NULL, NULL, NULL),
(115, 274, 'Глушко Василь Іванович', 'м', 'Доцент ', 'к.н.,доцент', 0, NULL, NULL, NULL),
(116, 274, 'Задоя Наталя Олександрівна', 'ж', 'Доцент', 'к.н.', 0, NULL, NULL, NULL),
(117, 274, 'Клименко Ганна Вікторівна', 'ж', 'Ст. викладач', '', 0, NULL, NULL, NULL),
(118, 274, 'Лятуринський Василь Олександрович', 'м', 'Доцент', 'к.н.', 0, NULL, NULL, NULL),
(120, 274, 'Мартовицький Леонід Максимович', 'м', 'Зав. кафедри', 'к.н.,доцент', 0, NULL, NULL, NULL),
(122, 274, 'Носенко Михайло Іванович', 'м', 'Доцент ', 'к.н.,доцент', 0, NULL, NULL, NULL),
(123, 274, 'Руднєв Олександр Михайлович', 'м', 'Доцент ', 'к.н.,доцент', 0, NULL, NULL, NULL),
(124, 274, 'Сочава Анатолій Іванович', 'м', 'Доцент ', 'к.н.,доцент', 0, NULL, NULL, NULL),
(125, 274, 'Сидоренко Михайло Володимирович', 'м', 'Доцент ', 'к.н.,доцент', 0, NULL, NULL, NULL),
(127, 274, 'Фролов Роман Олександрович', 'м', 'Ст. викладач', '', 0, NULL, NULL, NULL),
(128, 303, 'Бень Анна Миколаївна', 'ж', 'Ст. викладач', '', 0, NULL, NULL, NULL),
(130, 303, 'Дубина Валентина Іларіонович', 'ж', 'Професор', 'к.н.,професор', 0, NULL, NULL, NULL),
(131, 303, 'Ленок Анастасія Анатоліївна', 'ж', 'Ст. викладач', '', 0, NULL, NULL, NULL),
(132, 303, 'Матюхін Антон Юрійович', 'м', 'Доцент', 'к.н.', 0, NULL, NULL, NULL),
(134, 303, 'Обдул Василій Дмитрович', 'м', 'Доцент', 'к.н.,доцент', 0, NULL, NULL, NULL),
(135, 303, 'Широкобоков Віталій Володимирович', 'м', 'Зав. кафедри', 'к.н.,доцент', 0, NULL, NULL, NULL),
(137, 303, 'Явтушенко(Глебенко) Анна Володимирівна', 'ж', 'Доцент ', 'к.н.,доцент', 0, NULL, NULL, NULL),
(138, 271, 'Антоненко Ніна Миколаївна', 'ж', 'Доцент ', 'к.н.,доцент', 0, NULL, NULL, NULL),
(139, 271, 'Засовенко Андрій Володимирович', 'м', 'Доцент', 'к.н.,доцент', 0, NULL, NULL, NULL),
(140, 271, 'Зіненко Ігор Іванович', 'м', 'Асистент', '', 0, NULL, NULL, NULL),
(141, 271, 'Килимник Ірина Михайлівна', 'ж', 'Доцент ', 'к.н.,доцент', 0, NULL, NULL, NULL),
(142, 271, 'Онуфрієнко Володимир Михайлович', 'м', 'Зав. кафедри', 'д.н.,професор', 0, NULL, NULL, NULL),
(143, 271, 'Онуфрієнко Леонід Михайлович', 'м', 'Доцент ', 'к.н.,доцент', 0, NULL, NULL, NULL),
(144, 271, 'Полякова Тетяна Гнатівна', 'ж', 'Асистент', '', 0, NULL, NULL, NULL),
(145, 271, 'П\'янков Володимир Павлович', 'м', 'Доцент ', 'к.н.,доцент', 0, NULL, NULL, NULL),
(146, 271, 'Слюсарова Тетяна Іванівна', 'ж', 'Асистент', '', 0, NULL, NULL, NULL),
(147, 271, 'Сніжко Наталія Вікторівна', 'ж', 'Доцент', 'к.н.,доцент', 0, NULL, NULL, NULL),
(148, 271, 'Фасоляк Антон Володимирович', 'м', 'Асистент', 'к.н.', 0, NULL, NULL, NULL),
(149, 271, 'Шаніна Зоя Михайлівна', 'ж', 'Доцент', 'к.н.,доцент', 0, NULL, NULL, NULL),
(150, 271, 'Штефан Тетяна Олександрівна', 'ж', 'Ст. викладач', '', 0, NULL, NULL, NULL),
(151, 323, 'Бєліков Сергій Борисович', 'м', 'Професор', 'д.н.,професор', 0, NULL, NULL, NULL),
(152, 323, 'Вініченко Валерій Степанович', 'м', 'Доцент ', 'к.н.,доцент', 0, NULL, NULL, NULL),
(154, 323, 'Гайдук Сергій Валентинович', 'м', 'Професор', 'д.н.', 0, NULL, NULL, NULL),
(155, 323, 'Глотка Олександр Анатолійович', 'м', 'Доцент', 'к.н.,доцент', 0, NULL, NULL, NULL),
(157, 323, 'Грабовський Володимир Якович', 'м', 'Доцент ', 'к.н.,доцент', 0, NULL, NULL, NULL),
(158, 323, 'Грешта Віктор Леонідович', 'м', 'Професор', 'к.н.,професор', 0, NULL, NULL, NULL),
(159, 323, 'Денісов Деніс Леонідович', 'м', 'Ст. викладач', '', 0, NULL, NULL, NULL),
(160, 323, 'Джуган Олекасндр Андрійович', 'м', 'Ст. викладач', '', 0, NULL, NULL, NULL),
(161, 323, 'Климов Олександр Володимирович', 'м', 'Доцент', 'к.н.,доцент', 0, NULL, NULL, NULL),
(162, 323, 'Кононенко Юлія Іванівна', 'ж', 'Ст. викладач', '', 0, NULL, NULL, NULL),
(163, 323, 'Корнієнко Володимир Вікторович', 'м', 'Асистент', '', 0, NULL, NULL, NULL),
(164, 323, 'Лазечний Іван Миколайович', 'м', 'Доцент ', 'к.н.,доцент', 0, NULL, NULL, NULL),
(165, 323, 'Лисиця Олена Володимирівна', 'ж', 'Доцент ', '', 0, NULL, NULL, NULL),
(166, 323, 'Нарівський Олексій Едуардович', 'м', 'Професор', 'д.н.', 0, NULL, NULL, NULL),
(167, 323, 'Ольшанецький Вадим Юхимович', 'м', 'В.о. Зав. кафедри', 'д.н.,професор', 0, NULL, NULL, NULL),
(168, 323, 'Степанова Любов Петрівна', 'ж', 'Доцент ', 'к.н.,доцент', 0, NULL, NULL, NULL),
(169, 323, 'Ткач Дар\'я Володимирівна', 'ж', 'Доцент', 'к.н.', 0, NULL, NULL, NULL),
(170, 323, 'Трикоз Галина Григорівна', 'ж', 'Асистент', '', 0, NULL, NULL, NULL),
(171, 323, 'Фасоль Єлизавета Олександрівна', 'ж', 'Асистент', '', 0, NULL, NULL, NULL),
(172, 294, 'Алексєєнко Ольга Валентинівна', 'ж', 'Ст. викладач', '', 0, NULL, NULL, NULL),
(173, 294, 'Бялік Гаррі Абрамович', 'м', 'Доцент ', 'к.н.,доцент', 0, NULL, NULL, NULL),
(174, 294, 'Василевська Яна Анатоліївна', 'ж', 'Асистент', '', 0, NULL, NULL, NULL),
(175, 294, 'Воденніков Сергій Анатолійович', 'м', 'Професор', 'д.н.,професор', 0, NULL, NULL, NULL),
(176, 294, 'Гонтаренко Володимир Іванович', 'м', 'Професор', 'к.н.,професор', 0, NULL, NULL, NULL),
(177, 294, 'Іванов Валерій Григорович', 'м', 'Доцент  ', 'к.н.,доцент', 0, NULL, NULL, NULL),
(178, 294, 'Івахненко Євген Іванович', 'м', 'Доцент  ', 'к.н.,доцент', 0, NULL, NULL, NULL),
(179, 294, 'Кудін Вадим Валерійович', 'м', 'Доцент ', 'к.н.,доцент', 0, NULL, NULL, NULL),
(180, 294, 'Кузовов Олексій Федорович', 'м', 'Доцент ', 'к.н.,доцент', 0, NULL, NULL, NULL),
(181, 294, 'Леховіцер Зоя Василівна', 'ж', 'Доцент', 'к.н.,доцент', 0, NULL, NULL, NULL),
(182, 294, 'Луньов Валентин Васильович', 'м', 'Зав. кафедри ', 'д.н.,професор', 0, NULL, NULL, NULL),
(183, 294, 'Міняйло Євген Іванович', 'м', 'Ст. викладач', 'к.н,снс', 0, NULL, NULL, NULL),
(184, 294, 'Наумик Валерій Владиленович', 'м', 'Професор ', 'д.н.,професор', 0, NULL, NULL, NULL),
(185, 294, 'Парахнєвич Євген Миколайович', 'м', 'Доцент', 'к.н.,доцент', 0, NULL, NULL, NULL),
(186, 294, 'Пархоменко Андрій Валентинович', 'м', 'Доцент ', 'к.н.,доцент', 0, NULL, NULL, NULL),
(187, 294, 'Петрикіна Роза Яківна', 'ж', 'Доцент ', 'к.н.,доцент', 0, NULL, NULL, NULL),
(188, 294, 'Петруша Юрій Петрович', 'м', 'Доцент ', 'к.н.,доцент', 0, NULL, NULL, NULL),
(189, 294, 'Сажнєв Володимир Миколайович', 'м', 'Доцент ', 'к.н.,доцент', 0, NULL, NULL, NULL),
(190, 294, 'Самойлов Вадим Єфремович ', 'м', 'Доцент ', 'к.н.,доцент', 0, NULL, NULL, NULL),
(191, 294, 'Сергієнко Ольга Сергіївна', 'ж', 'Ст. викладач', 'к.н.', 0, NULL, NULL, NULL),
(192, 294, 'Сидоренко Сергій Миколайович', 'м', 'Асистент', '', 0, NULL, NULL, NULL),
(193, 294, 'Тирса Сергій Васильович', 'м', 'Ст. викладач', '', 0, NULL, NULL, NULL),
(194, 294, 'Ткаченко Ігор Юрійович', 'м', 'Ст. викладач', '', 0, NULL, NULL, NULL),
(195, 294, 'Цивірко Едуард Іванович', 'м', 'Професор ', 'д.н.,професор', 0, NULL, NULL, NULL),
(196, 294, 'Шустов Сергій Олексійович', 'м', 'Асистент', '', 0, NULL, NULL, NULL),
(197, 301, 'Андрущенко Михайло Іванович', 'м', 'Доцент ', 'к.н.,доцент', 0, NULL, NULL, NULL),
(198, 301, 'Антонюк Дмитро Анатолійович', 'м', 'Доцент ', 'д.н.,доцент', 0, NULL, NULL, NULL),
(199, 301, 'Бережний Станіслав Петрович ', 'м', 'Доцент ', 'к.н.,доцент', 0, NULL, NULL, NULL),
(200, 301, 'Биковський Олег Григорович', 'м', 'Професор ', 'д.н.,професор', 0, NULL, NULL, NULL),
(201, 301, 'Білоник Ігор Методійович', 'м', 'Доцент  ', 'к.н.,доцент', 0, NULL, NULL, NULL),
(202, 301, 'Бриков Михайло Миколайович', 'м', 'Професор', 'д.н.,професор', 0, NULL, NULL, NULL),
(203, 301, 'Капустян Олексій Євгенович', 'м', 'Доцент', 'к.н.', 0, NULL, NULL, NULL),
(204, 301, 'Куликовський Руслан Анатолійович', 'м', 'Доцент', 'к.н.,доцент', 0, NULL, NULL, NULL),
(205, 301, 'Лаптєва Ганна Миколаївна', 'ж', 'Доцент', 'к.н.', 0, NULL, NULL, NULL),
(206, 301, 'Нетребко Валерій Володимирович', 'м', 'Професор', 'д.н.,доцент', 0, NULL, NULL, NULL),
(207, 301, 'Овчинников Олександр Володимирович', 'м', 'Зав. кафедри ', 'д.н.,професор', 0, NULL, NULL, NULL),
(208, 301, 'Осіпов Михайло Юрійович', 'м', 'Доцент', 'к.н.,доцент', 0, NULL, NULL, NULL),
(209, 301, 'Попов Сергій Миколайович', 'м', 'Професор ', 'д.н.,професор', 0, NULL, NULL, NULL),
(210, 301, 'Савонов Юрій Миколайович', 'м', 'Доцент ', 'к.н.,доцент', 0, NULL, NULL, NULL),
(211, 301, 'Ситников Микола Миколайович', 'м', 'Доцент ', 'к.н.,доцент', 0, NULL, NULL, NULL),
(212, 301, 'Шумілов Андрій Олександрович', 'м', 'Доцент', 'к.н.,доцент', 0, NULL, NULL, NULL),
(213, 301, 'Шумикін Сергій Олександрович', 'м', 'Доцент', 'к.н.', 0, NULL, NULL, NULL),
(214, 280, 'Авдєєв Ігор Вікторович', 'м', 'Доцент', 'к.н.,доцент', 0, NULL, NULL, NULL),
(215, 280, 'Байша Олексій Іванович', 'м', 'Доцент ', 'к.н.,доцент', 0, NULL, NULL, NULL),
(216, 280, 'Братковська Катерина Олександрівна', 'ж', 'Доцент ', 'к.н.,доцент', 0, NULL, NULL, NULL),
(217, 280, 'Дьяченко Віра Вікторівна', 'ж', 'Доцент', 'к.н.,доцент', 0, NULL, NULL, NULL),
(219, 280, 'Заболотний Анатолій Петрович', 'м', 'Доцент', 'к.н.,доцент', 0, NULL, NULL, NULL),
(220, 280, 'Качан Юрій Григорович', 'м', 'Професор', 'д.н.,професор', 0, NULL, NULL, NULL),
(221, 280, 'Климко Олександр Миколайович', 'м', 'Доцент', 'к.н.,доцент', 0, NULL, NULL, NULL),
(223, 280, 'Кулагін Дмитро Олександрович', 'м', 'Професор', 'к.н.,доцент', 0, NULL, NULL, NULL),
(224, 280, 'Ліуш Юлія Борисівна', 'ж', 'Доцент', 'к.н.', 0, NULL, NULL, NULL),
(225, 280, 'Махлін Павло Вадимович', 'м', 'Доцент ', 'к.н.,доцент', 0, NULL, NULL, NULL),
(227, 280, 'Метлушан Світлана Миколаївна', 'ж', 'Асистент', '', 0, NULL, NULL, NULL),
(228, 280, 'Міщенко Владислав Юрійович', 'м', 'Асистент', '', 0, NULL, NULL, NULL),
(229, 280, 'Немикіна Ольга Володимирівна', 'ж', 'Доцент', 'к.н.', 0, NULL, NULL, NULL),
(230, 280, 'Попов Володимир В\'ячеславович', 'м', 'Доцент ', 'к.н.,доцент', 0, NULL, NULL, NULL),
(232, 280, 'Прихно Валерія Леонідівна', 'ж', 'Ст. викладач', '', 0, NULL, NULL, NULL),
(233, 280, 'Федоша Денис Володимирович', 'м', 'Доцент ', 'к.н.', 0, NULL, NULL, NULL),
(234, 280, 'Шрам Олександр Анатолійович', 'м', 'Зав. кафедри', 'к.н.,доцент', 0, NULL, NULL, NULL),
(236, 280, 'Яримбаш Дмитро Сергійович', 'м', 'Доцент', 'д.н.,доцент', 0, NULL, NULL, NULL),
(237, 278, 'Галушко Ігор Дмитрович', 'м', 'Ст. викладач', '', 0, NULL, NULL, NULL),
(238, 278, 'Дівчук Тетяна Євгенівна', 'ж', 'Ст. викладач', '', 0, NULL, NULL, NULL),
(240, 278, 'Лапкіна (Дмитренко) Світлана Олександрівна', 'ж', 'Асистент', '', 0, NULL, NULL, NULL),
(241, 278, 'Дьомічева Ганна Володимирівна', 'ж', 'Ст. викладач', '', 0, NULL, NULL, NULL),
(242, 278, 'Коцур Ігор Михайлович', 'м', 'Доцент', 'к.н.,доцент', 0, NULL, NULL, NULL),
(244, 278, 'Куланіна(Душинова) Євгенія Вікторівна', 'ж', 'Доцент', 'к.н.', 0, NULL, NULL, NULL),
(246, 278, 'Літвінов Дмитро Олександрович', 'м', 'Ст. викладач', '', 0, NULL, NULL, NULL),
(248, 278, 'Метельський Володимир Петрович', 'м', 'Професор', 'к.н.,професор', 0, NULL, NULL, NULL),
(249, 278, 'Савельєв Василь Григорович', 'м', 'Доцент', 'доцент', 0, NULL, NULL, NULL),
(251, 278, 'Солодовнікова Тетяна Павлівна', 'ж', 'Ст. викладач', '', 0, NULL, NULL, NULL),
(253, 278, 'Тиховод Сергій Михайлович', 'м', 'Доцент', 'д.н.,доцент', 0, NULL, NULL, NULL),
(254, 278, 'Чмут Олена Олексіївна', 'ж', 'Ст. лаборант', '', 0, NULL, NULL, NULL),
(255, 278, 'Шлянін Олександр Олександрович', 'м', 'Ст. викладач', '', 0, NULL, NULL, NULL),
(256, 278, 'Яримбаш Сергій Тимофійович', 'м', 'Доцент', 'к.н.,доцент', 0, NULL, NULL, NULL),
(257, 278, 'Яримбаш Дмитро Сергійович', 'м', 'Зав. кафедри ', 'д.н.,професор', 0, NULL, NULL, NULL),
(258, 279, 'Андрієнко Данил Сергійович', 'м', 'Ст. лаборант в/о', '', 0, NULL, NULL, NULL),
(259, 279, 'Андрієнко Петро Дмитрович', 'м', 'Зав. кафедри ', 'д.н.,професор', 0, NULL, NULL, NULL),
(260, 279, 'Антонова Марина Володимирівна', 'ж', 'Ст. викладач', '', 0, NULL, NULL, NULL),
(261, 279, 'Афанасьєв Олексій Іванович', 'м', 'Доцент ', 'к.н.,доцент', 0, NULL, NULL, NULL),
(262, 279, 'Близняков Сергій Олександрович', 'м', 'Ст. лаборант в/о', '', 0, NULL, NULL, NULL),
(263, 279, 'Бондаренко Лариса Олексіївна', 'ж', 'Ст. викладач', '', 0, NULL, NULL, NULL),
(264, 279, 'Василевський Володимир Валентинович', 'м', 'Ст. викладач', 'к.н.', 0, NULL, NULL, NULL),
(265, 279, 'Горлачова Анна Річардівна', 'ж', 'Ст. лаборант в/о', '', 0, NULL, NULL, NULL),
(266, 279, 'Жорняк Людмила Борисівна', 'ж', 'Доцент ', 'к.н.,доцент', 0, NULL, NULL, NULL),
(268, 279, 'Каплієнко Олександр Олегович', 'м', 'Ст. викладач', 'к.н.', 0, NULL, NULL, NULL),
(269, 279, 'Корнус Тетяна Михайлівна', 'ж', 'Ст. викладач', '', 0, NULL, NULL, NULL),
(270, 279, 'Мохнач Річард Едуардович', 'м', 'Зав. лабораторії', '', 0, NULL, NULL, NULL),
(271, 279, 'Осинська Валентина Іванівна', 'ж', 'Ст. викладач', '', 0, NULL, NULL, NULL),
(272, 279, 'Поляков Михайло Олексійович', 'м', 'Професор', 'к.н.,доцент', 0, NULL, NULL, NULL),
(273, 279, 'Сахно Олександр Анатолійович', 'м', 'Доцент', 'к.н.', 0, NULL, NULL, NULL),
(274, 279, 'Скрупська Людмила Степанівна', 'ж', 'Ст. викладач', '', 0, NULL, NULL, NULL),
(276, 279, 'Снігірьов Володимир Максимович', 'м', 'Доцент', 'к.н.,доцент', 0, NULL, NULL, NULL),
(277, 279, 'Шило Сергій Іванович', 'м', 'Ст. викладач', '', 0, NULL, NULL, NULL),
(278, 281, 'Антонов Микола Леонідович', 'м', 'Декан', 'к.н.', 0, NULL, NULL, NULL),
(280, 281, 'Арсеньєва Світлана Іванівна', 'ж', 'Доцент', 'к.н.,доцент', 0, NULL, NULL, NULL),
(281, 281, 'Бондаренко Валерій Іванович', 'м', 'Професор', 'к.н.,доцент', 0, NULL, NULL, NULL),
(283, 281, 'Васильєва Євгенія Володимирівна', 'ж', 'Ст. викладач', '', 0, NULL, NULL, NULL),
(284, 281, 'Деєв Сергій Георгійович', 'м', 'Ст. викладач', '', 0, NULL, NULL, NULL),
(285, 281, 'Засипко Петро Григорович', 'м', 'Зав. лабораторії', '', 0, NULL, NULL, NULL),
(286, 281, 'Зіновкін Володимир Васильович', 'м', 'Професор  ', 'д.н.,професор', 0, NULL, NULL, NULL),
(287, 281, 'Казурова Аліна Євгенівна', 'ж', 'Доцент ', 'к.н.,доцент', 0, NULL, NULL, NULL),
(289, 281, 'Крисан Юрій Олексійович', 'м', 'Доцент ', 'к.н.,доцент', 0, NULL, NULL, NULL),
(291, 281, 'Кулинич Едуард Михайлович', 'м', 'Доцент ', 'к.н.,доцент', 0, NULL, NULL, NULL),
(292, 281, 'Антонова (Месьянінова) Олена Миколаївна', 'ж', 'Ст. лаборант в/о', '', 0, NULL, NULL, NULL),
(293, 281, 'Назарова  Олена Сергіївна', 'ж', 'Доцент ', 'к.н.,доцент', 0, NULL, NULL, NULL),
(294, 281, 'Нечаєв Віктор Євгенійович', 'м', 'Ст. лаборант в/о', '', 0, NULL, NULL, NULL),
(295, 281, 'Пилипенко Ксенія Іллівна', 'ж', 'Зав. лабораторії', '', 0, NULL, NULL, NULL),
(296, 281, 'Пирожок Андрій Володимирович ', 'м', 'Зав. кафедри', 'к.н.,доцент', 0, NULL, NULL, NULL),
(297, 281, 'Сидлецька Наталія Олександрівна', 'ж', 'Ст. лаборант в/о', '', 0, NULL, NULL, NULL),
(298, 281, 'Тиховод Сергій Михайлович', 'м', 'Професор', 'д.н.,доцент', 0, NULL, NULL, NULL),
(299, 314, 'Валентінчіч  Юлія Едуардівна', 'ж', 'Ст. лаборант в/о', '', 0, NULL, NULL, NULL),
(300, 314, 'Касапов Геннадій Володимирович', 'м', 'Зав. лабораторії', '', 0, NULL, NULL, NULL),
(301, 314, 'Логвин Карина Андріївна', 'ж', 'Ст. лаборант в/о', '', 0, NULL, NULL, NULL),
(302, 314, 'Набокова Ольга Володимирівна', 'ж', 'Доцент', '', 0, NULL, NULL, NULL),
(303, 314, 'Пазюк Олександр Леонідович', 'м', 'Зав. лабораторії', '', 0, NULL, NULL, NULL),
(304, 314, 'Романіченко Геннадій Миколайович', 'м', 'Ст. викладач', '', 0, NULL, NULL, NULL),
(305, 314, 'Тиховод Сергій Михайлович', 'м', 'Зав. кафедри', 'д.н.,доцент', 0, NULL, NULL, NULL),
(306, 322, 'Гуляєва Людмила Володимирівна', 'ж', 'Доцент', 'к.н.,доцент', 0, NULL, NULL, NULL),
(307, 322, 'Гуляєва Тетяна Василівна', 'ж', 'Доцент', 'к.н.', 0, NULL, NULL, NULL),
(308, 322, 'Зеленіна Олена Анатоліївна', 'ж', 'Ст. лаборант в/о', '', 0, NULL, NULL, NULL),
(309, 322, 'Кубишкін Анатолій Анатолійович', 'м', 'Зав. лабораторії', '', 0, NULL, NULL, NULL),
(310, 322, 'Лозовенко Оксана Анатоліївна', 'ж', 'Доцент ', 'к.н.,доцент', 0, NULL, NULL, NULL),
(311, 322, 'Лоскутов Степан Васильович', 'м', 'Зав. кафедри', 'д.н.,професор', 0, NULL, NULL, NULL),
(312, 322, 'Лущин Сергій Петрович', 'м', 'Доцент ', 'к.н.,доцент', 0, NULL, NULL, NULL),
(313, 322, 'Петрушина Юлія Альбертовна', 'ж', 'Ст. лаборант в/о', '', 0, NULL, NULL, NULL),
(314, 322, 'Правда Михайло Іванович ', 'м', 'Доцент ', 'к.н.,доцент', 0, NULL, NULL, NULL),
(315, 322, 'Сейдаметов Станіслав Валерійович', 'м', 'Ст. викладач', '', 0, NULL, NULL, NULL),
(316, 322, 'Суровцев Олександр Костянтинович', 'м', 'Ст. лаборант в/о', '', 0, NULL, NULL, NULL),
(317, 285, 'Адаменко Ольга Володимирівна', 'ж', 'Ст. викладач', 'к.н.', 0, NULL, NULL, NULL),
(319, 285, 'Бикова Юлія Олегівна', 'ж', 'Викладач', '', 0, NULL, NULL, NULL),
(320, 285, 'Винокуров Віктор Борисович ', 'м', 'Пров. фахівець', '', 0, NULL, NULL, NULL),
(321, 285, 'Єгорова Олена Василівна', 'ж', 'Лаборант', '', 0, NULL, NULL, NULL),
(322, 285, 'Жукова Наталія Михайлівна', 'м', 'Доцент', 'к.н.,доцент', 0, NULL, NULL, NULL),
(324, 285, 'Калантаєва Ольга Олександрівна', 'ж', 'Викладач', '', 0, NULL, NULL, NULL),
(326, 285, 'Ляшова Олена Леонідівна', 'ж', 'Пров. фахівець', '', 0, NULL, NULL, NULL),
(327, 285, 'Рябенко Ганна Анатоліївна', 'ж', 'Викладач', '', 0, NULL, NULL, NULL),
(328, 285, 'Сивачук Олена Миколаївна', 'ж', 'Викладач', '', 0, NULL, NULL, NULL),
(330, 285, 'Соболь Юлія Олександрівна', 'ж', 'Зав. кафедри', 'к.н.,доцент', 0, NULL, NULL, NULL),
(332, 285, 'Сокол Тамара Олексіївна', 'ж', 'Ст. викладач', '', 0, NULL, NULL, NULL),
(333, 285, 'Суворова Тетяна Михайлівна', 'ж', 'Ст. викладач', '', 0, NULL, NULL, NULL),
(334, 270, 'Березовська Альона Олександрівна', 'ж', 'Зав. лабораторії', '', 0, NULL, NULL, NULL),
(335, 270, 'Бобраков Анатолій Анатолійович', 'м', 'Доцент', 'к.н.,доцент', 0, NULL, NULL, NULL),
(336, 270, 'Волкова Анна Михайлівна', 'ж', 'Фахівець', '', 0, NULL, NULL, NULL),
(337, 270, 'Грін Олена Олександрівна', 'ж', 'Доцент', 'к.н.', 0, NULL, NULL, NULL),
(338, 270, 'Дідовець Ірина Вололимирівна', 'ж', 'Доцент', 'к.н.,доцент', 0, NULL, NULL, NULL),
(339, 270, 'Доненко Василь Іванович', 'м', 'Зав. кафедри ', 'д.н.,професор', 0, NULL, NULL, NULL),
(341, 270, 'Доненко Ірина Володимирівна', 'ж', 'Доцент', 'к.н.', 0, NULL, NULL, NULL),
(343, 270, 'Жаданова Клавдія Федорівна', 'ж', 'Доцент', 'к.н.,доцент', 0, NULL, NULL, NULL),
(344, 270, 'Жван Віктор Денисович', 'м', 'Професор', 'к.н.,професор', 0, NULL, NULL, NULL),
(345, 270, 'Іщенко Олексій Сергійович', 'м', 'Ст. викладач', '', 0, NULL, NULL, NULL),
(346, 270, 'Іщенко Олена Леонідівна', 'ж', 'Асистент', '', 0, NULL, NULL, NULL),
(347, 270, 'Камєнєв Олександр Семенович', 'м', 'Доцент', 'к.н.', 0, NULL, NULL, NULL),
(348, 270, 'Кійко Сергій Геннадійович', 'м', 'Доцент', 'к.н.', 0, NULL, NULL, NULL),
(349, 270, 'Крюк Катерина Геннадіївна', 'ж', 'Фахівець', '', 0, NULL, NULL, NULL),
(350, 270, 'Кулік Михайло Валерійович', 'м', 'Доцент', 'к.н.', 0, NULL, NULL, NULL),
(352, 270, 'Назаренко Олексій  Миколайович', 'м', 'Доцент', 'к.н.', 0, NULL, NULL, NULL),
(353, 270, 'Ромалійська Тамара Олександрівна', 'ж', 'Лаборант', '', 0, NULL, NULL, NULL),
(354, 270, 'Сьомчина Марія Володимирівна', 'ж', 'Доцент', 'к.н.', 0, NULL, NULL, NULL),
(355, 270, 'Щербина Лариса Володимирівна', 'ж', 'Доцент', 'к.н.,доцент', 0, NULL, NULL, NULL),
(357, 270, 'Чуприна (Ярова) Ліна Володимирівна', 'ж', 'Доцент', 'к.н.', 0, NULL, NULL, NULL),
(358, 270, 'Шевченко Ольга Володимирівна', 'ж', 'Ст. викладач', '', 0, NULL, NULL, NULL),
(359, 270, 'Якімцов Юрій Вячеславович', 'м', 'Доцент', 'к.н.', 0, NULL, NULL, NULL),
(360, 275, 'Базилевич Вікторія Володимирівна', 'ж', 'Доцент', 'к.н.,доцент', 0, NULL, NULL, NULL),
(361, 275, 'Бобровський Ігор Володимирович', 'м', 'Ст. викладач', '', 0, NULL, NULL, NULL),
(363, 275, 'Візіренко Дарина Костянтинівна', 'ж', 'Пров. фахівець', '', 0, NULL, NULL, NULL),
(364, 275, 'Гавронський Володимир Павлович', 'м', 'Доцент', '', 0, NULL, NULL, NULL),
(365, 275, 'Гой Богдан Володимирович', 'м', 'Доцент', 'к.н.', 0, NULL, NULL, NULL),
(366, 275, 'Демиденко Олександр Іванович ', 'м', 'Професор', 'доцент', 0, NULL, NULL, NULL),
(368, 275, 'Дуднік Майя Георгіївна', 'ж', 'Ст. викладач', '', 0, NULL, NULL, NULL),
(370, 275, 'Єншуєва Тетяна Вікторівна', 'ж', 'Доцент', '', 0, NULL, NULL, NULL),
(372, 275, 'Зубричев Олександр Сергійович', 'м', 'Доцент', 'к.н.', 0, NULL, NULL, NULL),
(373, 275, 'Кузьменко Алла Олександрівна', 'ж', 'Зав. майстерні', '', 0, NULL, NULL, NULL),
(374, 275, 'Криворучко Юрій Іванович', 'м', 'Професор', 'д.н.,доцент', 0, NULL, NULL, NULL),
(375, 275, 'Кругляк Віталій Іванович', 'м', 'Ст. викладач', '', 0, NULL, NULL, NULL),
(377, 275, 'Ніколаєнко Володимир Анатолійович', 'м', 'Професор', 'д.н.,професор', 0, NULL, NULL, NULL),
(378, 275, 'Ніколаєнко Володимир Володимирович', 'м', 'Доцент', 'к.н.', 0, NULL, NULL, NULL),
(379, 275, 'Пантус Ніна Михайлівна', 'ж', 'Ст. викладач', '', 0, NULL, NULL, NULL),
(381, 275, 'Пасічна Тетяна Олександрівна', 'ж', 'Ст. викладач', '', 0, NULL, NULL, NULL),
(382, 275, 'Подвойська Віта Іванівна', 'ж', 'Зав. майстерні', '', 0, NULL, NULL, NULL),
(383, 275, 'Поддубко Костянтин Валентинович', 'м', 'Ст. викладач', '', 0, NULL, NULL, NULL),
(384, 275, 'Потапенко Ганна Михайлівна', 'ж', 'Ст. викладач', '', 0, NULL, NULL, NULL),
(386, 275, 'Рибчинський Олег Валерійович', 'м', 'Професор', 'д.н.,доцент', 0, NULL, NULL, NULL),
(388, 275, 'Рижова Ірина Станніславовна', 'ж', 'Зав. кафедри', 'д.н.,професор', 0, NULL, NULL, NULL),
(390, 275, 'Русанова Ірина Василівна', 'ж', 'Доцент', 'к.н.,доцент', 0, NULL, NULL, NULL),
(391, 275, 'Северін Катерина Вікторівна', 'ж', 'Майстер вироб. навчання', '', 0, NULL, NULL, NULL),
(394, 275, 'Уманець Олександр Леонідович', 'м', 'Майстер вироб. навчання', '', 0, NULL, NULL, NULL),
(395, 275, 'Шлапко Леся Володимирівна', 'ж', 'Доцент', 'к.н.', 0, NULL, NULL, NULL),
(396, 289, 'Акімов Іван Васильович ', 'м', 'Доцент ', 'к.н.,доцент', 0, NULL, NULL, NULL),
(397, 289, 'Ковбаса Володимир Григорович', 'м', 'Зав. лабораторії', '', 0, NULL, NULL, NULL),
(398, 289, 'Петрашов Олександр Сергійович', 'м', 'Зав. лабораторії', '', 0, NULL, NULL, NULL),
(400, 289, 'Плескач Володимир Михайлович', 'м', 'Доцент ', 'к.н.,доцент', 0, NULL, NULL, NULL),
(401, 289, 'Савченко Віра Олександрівна', 'ж', 'В.о. декана', 'к.н.,доцент', 0, NULL, NULL, NULL),
(402, 289, 'Сморкалов Юрій Іванович', 'м', 'Майстер вироб. навчання', '', 0, NULL, NULL, NULL),
(403, 289, 'Широкобокова Наталія Вікторівна', 'ж', 'Доцент', 'к.н.', 0, NULL, NULL, NULL),
(405, 289, 'Гапоненко Марина Федорівна', 'ж', 'Асистент', '', 0, NULL, NULL, NULL),
(407, 289, 'Незгода Людмила Миколаївна', 'ж', 'Ст. викладач', '', 0, NULL, NULL, NULL),
(408, 289, 'Осаул Лариса Павлівна', 'ж', 'Доцент', 'к.н.,доцент', 0, NULL, NULL, NULL),
(409, 289, 'Повзло Валентина Миколайовна', 'ж', 'Ст. викладач', '', 0, NULL, NULL, NULL),
(410, 289, 'Полівець Олена Василівна', 'ж', 'Ст. лаборант', '', 0, NULL, NULL, NULL),
(411, 289, 'Сохрякова Тамара Вікторівна', 'ж', 'Зав. лабораторії', '', 0, NULL, NULL, NULL),
(412, 289, 'Фолтя Василій Георгійович', 'м', 'Зав. лабораторії', '', 0, NULL, NULL, NULL),
(413, 289, 'Швець Ольга Олександрівна', 'ж', 'Асистент', '', 0, NULL, NULL, NULL),
(414, 304, 'Бондаренко Любов Олександрівна', 'ж', 'Асистент', '', 0, NULL, NULL, NULL),
(415, 304, 'Єгоров Андрій Олександрович', 'м', 'Доцент', 'к.н.,доцент', 0, NULL, NULL, NULL),
(416, 304, 'Журавель Микола Олексійович', 'м', 'Ст. викладач', '', 0, NULL, NULL, NULL),
(418, 304, 'Журавель Сергій Миколайович', 'м', 'Ст. викладач', '', 0, NULL, NULL, NULL),
(420, 304, 'Зінченко Марина Михайлівна', 'ж', 'Асистент', '', 0, NULL, NULL, NULL),
(421, 304, 'Коваленко Олександр Васильович', 'м', 'Ст. викладач', '', 0, NULL, NULL, NULL),
(422, 304, 'Коробко Олександр Вікторович', 'м', 'Ст. викладач', '', 0, NULL, NULL, NULL),
(423, 304, 'Курков Олександр Борисович', 'м', 'Ст. викладач', '', 0, NULL, NULL, NULL),
(424, 304, 'Насадюк  Олена Анатоліївна', 'ж', 'Ст. лаборант в/о', '', 0, NULL, NULL, NULL),
(425, 304, 'Нестеров Олександр Васильович', 'м', 'Зав. кафедри ', 'к.н.,доцент', 0, NULL, NULL, NULL),
(426, 304, 'Новик Олена Іллівна', 'ж', 'Ст. лаборант в/о', '', 0, NULL, NULL, NULL),
(427, 304, 'Петрищев Артем Станіславович', 'м', 'Доцент', 'к.н.,доцент', 0, NULL, NULL, NULL),
(428, 304, 'Писарський Андрій Олексійович', 'м', 'Ст. викладач', '', 0, NULL, NULL, NULL),
(430, 304, 'Рубан Валентіна Тарасівна', 'ж', 'Асистент', '', 0, NULL, NULL, NULL),
(431, 304, 'Силенко Сергій Анатолійович', 'м', 'Доцент', 'к.н.', 0, NULL, NULL, NULL),
(432, 304, 'Скуйбіда Олена Леонидівна', 'ж', 'Доцент', 'к.н.,доцент', 0, NULL, NULL, NULL),
(433, 304, 'Ткаченко Ігор Вадимович', 'м', 'Ст. викладач', '', 0, NULL, NULL, NULL),
(434, 304, 'Троян Юлія Іванівна', 'ж', 'Зав. лабораторії', '', 0, NULL, NULL, NULL),
(436, 304, 'Чечель Микола Володимирович', 'м', 'Асистент', '', 0, NULL, NULL, NULL),
(437, 304, 'Шмирко Віра Іванівна', 'ж', 'Доцент ', 'к.н.,доцент', 0, NULL, NULL, NULL),
(439, 297, 'Адамчук Станіслав Іванович', 'м', 'Ст. лаборант в/о', '', 0, NULL, NULL, NULL),
(440, 297, 'Вінецький Вадим Володимирович', 'м', 'Ст. лаборант в/о', '', 0, NULL, NULL, NULL),
(441, 297, 'Жило (Глотка) Тетяна Анатоліївна', 'ж', 'Асистент', '', 0, NULL, NULL, NULL),
(442, 297, 'Іванісов Ігор Миколайович', 'м', 'Викладач', '', 0, NULL, NULL, NULL),
(443, 297, 'Коляда Олександр Федотович', 'м', 'Доцент', 'к.н.,доцент', 0, NULL, NULL, NULL),
(444, 297, 'Кружнова Світлана Юріївна', 'ж', 'Ст. викладач', '', 0, NULL, NULL, NULL),
(446, 297, 'Мазіна Ольга Василівна', 'ж', 'Зав. лабораторії', '', 0, NULL, NULL, NULL),
(447, 297, 'Мітіна (Коваленко) Тамара Олександрівна', 'ж', 'Ст. викладач', 'к.н.', 0, NULL, NULL, NULL),
(448, 297, 'Овчинников Олександр Володимирович', 'м', 'Професор', 'д.н.,професор', 0, NULL, NULL, NULL),
(449, 297, 'Омельченко Ольга Станіславівна', 'ж', 'Ст. викладач', '', 0, NULL, NULL, NULL),
(451, 297, 'Панкєєва Аеліта Анверівна', 'ж', 'Ст. викладач', '', 0, NULL, NULL, NULL),
(452, 297, 'Петрик Ігор Андрійович', 'м', 'Ст. викладач', 'к.н.', 0, NULL, NULL, NULL),
(453, 297, 'Пожуєв Володимир Іванович', 'м', 'Професор', 'д.н.,професор', 0, NULL, NULL, NULL),
(454, 297, 'Попович Олексій Геннадійович', 'м', 'Доцент', 'к.н.', 0, NULL, NULL, NULL),
(455, 297, 'Рягін Сергій Львович', 'м', 'Доцент ', 'к.н.,доцент', 0, NULL, NULL, NULL),
(456, 297, 'Сітніков Вадим Данилович', 'м', 'Зав. лабораторії', '', 0, NULL, NULL, NULL),
(457, 297, 'Скребцов Андрій Андрійович', 'м', 'Доцент ', 'к.н.', 0, NULL, NULL, NULL),
(459, 297, 'Шалева Наталія Валеріївна', 'ж', 'Лаборант', '', 0, NULL, NULL, NULL),
(460, 297, 'Шевченко Володимир Григорович', 'м', 'Зав. кафедри', 'к.н.,доцент', 0, NULL, NULL, NULL),
(461, 297, 'Шумикін Сергій Олександрович', 'м', 'Доцент', 'к.н.', 0, NULL, NULL, NULL),
(462, 297, 'Штанько Петро Костянтинович', 'м', 'Доцент', 'к.н.,доцент', 0, NULL, NULL, NULL),
(464, 305, 'Бєлоусов Віталій Михайлович', 'м', 'Доцент', 'к.н.', 0, NULL, NULL, NULL),
(465, 305, 'Бобко Наталя Анатоліївна', 'ж', 'Пров. фахівець', '', 0, NULL, NULL, NULL),
(466, 305, 'Бобровникова Раїса Григорівна', 'ж', 'Доцент', 'к.н.,доцент', 0, NULL, NULL, NULL),
(467, 305, 'Богдан Юрій Миколайович', 'м', 'Доцент', 'к.н.', 0, NULL, NULL, NULL),
(468, 305, 'Борисенко Олена Євгенівна', 'ж', 'Доцент', 'к.н.', 0, NULL, NULL, NULL),
(469, 305, 'Дацько Наталія Миколаївна', 'ж', 'Лаборант', '', 0, NULL, NULL, NULL),
(470, 305, 'Крайнік Олена Миколаївна', 'ж', 'Доцент ', 'к.н.,доцент', 0, NULL, NULL, NULL),
(471, 305, 'Некрасова Ольга Олегівна', 'ж', 'Лаборант', '', 0, NULL, NULL, NULL),
(472, 305, 'Остапенко Василь Васильович', 'м', 'Доцент', 'к.н.,доцент', 0, NULL, NULL, NULL),
(473, 305, 'Левченко Наталія Михайлівна', 'ж', 'Професор', 'д.н.,професор', 0, NULL, NULL, NULL),
(474, 305, 'Северін Дар\'я Сергіівна', 'ж', 'Лаборант', '', 0, NULL, NULL, NULL),
(475, 305, 'Пожуєва Тетяна Олександрівна', 'ж', 'Професор', 'д.н.,доцент', 0, NULL, NULL, NULL),
(476, 305, 'Сердюк Євгенія Михайлівна', 'ж', 'Ст. викладач', '', 0, NULL, NULL, NULL),
(477, 305, 'Севастьянов Родіон Вікторович', 'м', 'Пров. фахівець', '', 0, NULL, NULL, NULL),
(478, 305, 'Ткаченко Алла Михайлівна', 'ж', 'Зав. кафедри ', 'д.н.,професор', 0, NULL, NULL, NULL),
(480, 305, 'Шитікова Лариса Віталіївна', 'ж', 'Доцент', 'к.н.,доцент', 0, NULL, NULL, NULL),
(481, 310, 'Дмух (Грінченко) Аліна Сергіївна', 'ж', 'Лаборант', '', 0, NULL, NULL, NULL),
(482, 310, 'Дмитренко Віктор Панкратович', 'м', 'Доцент', 'к.н.,доцент', 0, NULL, NULL, NULL),
(483, 310, 'Кабак Владислав Семенович', 'м', 'Декан', 'к.н.,доцент', 0, NULL, NULL, NULL),
(484, 310, 'Колеснікова Євгенія Ісааківна', 'ж', 'Зав. лабораторії', '', 0, NULL, NULL, NULL),
(485, 310, 'Костенко Валер\'ян Остапович', 'м', 'Доцент', 'к.н.,доцент', 0, NULL, NULL, NULL),
(487, 310, 'Мороз Гаррі Володимирович', 'м', 'Асистент', '', 0, NULL, NULL, NULL),
(488, 310, 'Морщавка Сергій Володимирович', 'м', 'Зав. кафедри', 'к.н.,доцент', 0, NULL, NULL, NULL),
(490, 310, 'Поляков Михайло Олексійович', 'м', 'Доцент', 'к.н.,доцент', 0, NULL, NULL, NULL),
(491, 310, 'Сидоріна Лідія Іванівна', 'ж', 'Ст. лаборант в/о', '', 0, NULL, NULL, NULL),
(492, 310, 'Сметанін Ігор Миколайович', 'м', 'Ст. викладач', '', 0, NULL, NULL, NULL),
(493, 310, 'Сидоренко(Верещак) Галина Михайлівна', 'ж', 'Зав. лабораторії', '', 0, NULL, NULL, NULL),
(494, 310, 'Чорнобородов Михайло Петрович', 'м', 'Доцент', 'к.н.,доцент', 0, NULL, NULL, NULL),
(495, 310, 'Шуміліна Людмила Василівна', 'ж', 'Ст. лаборант', '', 0, NULL, NULL, NULL),
(496, 299, 'Багдасарян Неоніла Олександрівна', 'ж', 'Ст. лаборант в/о', '', 0, NULL, NULL, NULL),
(497, 299, 'Василенко Ольга Валентинівна', 'ж', 'Доцент', 'к.н.,доцент', 0, NULL, NULL, NULL),
(498, 299, 'Герасименко Тетяна Вікторівна', 'ж', 'Ст. лаборант', '', 0, NULL, NULL, NULL),
(499, 299, 'Ігнаткін Валерій Устинович', 'м', 'Професор', 'д.н.,професор', 0, NULL, NULL, NULL),
(500, 299, 'Жавжаров Євген Леонідович', 'м', 'Доцент', 'к.н.,доцент', 0, NULL, NULL, NULL),
(501, 299, 'Коротун Андрій Віталійович', 'м', 'Доцент', 'к.н.,доцент', 0, NULL, NULL, NULL),
(502, 299, 'Кузнецов Володимир Олександрович', 'м', 'Зав. лабораторії', '', 0, NULL, NULL, NULL),
(503, 299, 'Ліщенко Віктор Іванович', 'м', 'Ст. лаборант в/о', '', 0, NULL, NULL, NULL),
(504, 299, 'Матюшин Володимир Михайлович', 'м', 'Професор', 'д.н.,професор', 0, NULL, NULL, NULL),
(505, 299, 'Нагорна Ніна Миколаївна', 'ж', 'Ст. викладач', '', 0, NULL, NULL, NULL),
(506, 299, 'Погосов Валентин Вальтерович', 'м', 'Зав. кафедри ', 'д.н.,професор', 0, NULL, NULL, NULL),
(508, 299, 'Рева Віталій Ігорович', 'м', 'Доцент', 'к.н.', 0, NULL, NULL, NULL),
(510, 299, 'Смирнова Ніна Анатоліївна', 'ж', 'Ст. викладач', '', 0, NULL, NULL, NULL),
(511, 299, 'Сніжной Геннадій Валентинович', 'м', 'Професор', 'к.н.,доцент', 0, NULL, NULL, NULL),
(512, 299, 'Степаненко Сергій Михайлович*', 'м', 'Доцент', 'к.н.,доцент', 0, NULL, NULL, NULL),
(513, 288, 'Козлов Сергій Олексійович', 'м', 'Ст. лаборант в/о', '', 0, NULL, NULL, NULL),
(514, 288, 'Залужний Михайло Юрійович', 'м', 'Ст. викладач', '', 0, NULL, NULL, NULL),
(515, 288, 'Куляба-Харитонова Тетяна Іванівна', 'ж', 'Ст. викладач', '', 0, NULL, NULL, NULL),
(517, 288, 'Малий Олександр Юрійович', 'м', 'Доцент', 'к.н.', 0, NULL, NULL, NULL),
(518, 288, 'Неласа Ганна Вікторівна', 'ж', 'Доцент', 'к.н.,доцент', 0, NULL, NULL, NULL),
(519, 288, 'Огренич Євген Вікторович', 'м', 'Ст. викладач', 'к.н.', 0, NULL, NULL, NULL),
(520, 288, 'Онищенко Вадим Федорович *', 'м', 'Доцент', 'к.н.', 0, NULL, NULL, NULL),
(521, 288, 'Пирожок Андрій Володимирович ', 'м', 'Доцент', 'к.н.,доцент', 0, NULL, NULL, NULL),
(522, 288, 'Поспеєва Ірина Євгенівна', 'ж', 'Ст. викладач', '', 0, NULL, NULL, NULL),
(523, 288, 'Работкіна Олена Володимирівна', 'ж', 'Ст. лаборант в/о', '', 0, NULL, NULL, NULL),
(524, 288, 'Фарафонов Олексій Юрійович', 'м', 'Доцент', 'к.н.,доцент', 0, NULL, NULL, NULL),
(526, 288, 'Фурманова Наталія Іванівна', 'ж', 'Доцент', 'к.н.,доцент', 0, NULL, NULL, NULL),
(528, 288, 'Шило Галина Миколаївна', 'ж', 'Зав. кафедри', 'д.н.,доцент', 0, NULL, NULL, NULL),
(529, 288, 'Щурова Лариса Семенівна', 'ж', 'Зав. лабораторії', '', 0, NULL, NULL, NULL),
(530, 284, 'Воскобойник Володимир Олександрович', 'м', 'Доцент', 'к.н.,доцент', 0, NULL, NULL, NULL),
(532, 284, 'Карпуков Леонід Матвійович ', 'м', 'Зав. кафедри', 'д.н.,професор', 0, NULL, NULL, NULL),
(533, 284, 'Козіна Галина Леонідівна', 'ж', 'Доцент', 'к.н.,доцент', 0, NULL, NULL, NULL),
(535, 284, 'Корольков Роман Юрійович', 'м', 'Ст. викладач', '', 0, NULL, NULL, NULL),
(537, 284, 'Куцак Сергій Вікторович', 'м', 'Ст. викладач ', '', 0, NULL, NULL, NULL),
(539, 284, 'Лізунов Сергій Іванович', 'м', 'Професор', 'к.н.,доцент', 0, NULL, NULL, NULL),
(541, 284, 'Неласа Ганна Вікторівна', 'ж', 'Доцент', 'к.н.,доцент', 0, NULL, NULL, NULL),
(543, 284, 'Нікуліщев Геннадій Ігорович', 'м', 'Ст. викладач', '', 0, NULL, NULL, NULL),
(545, 284, 'Романенко Сергій Миколайович', 'м', 'Доцент', 'к.н.,доцент', 0, NULL, NULL, NULL),
(546, 284, 'Савченко (Цинько) Дарина Костянтинівна', 'ж', 'Зав. лабораторії', '', 0, NULL, NULL, NULL),
(548, 284, 'Щекотихін Олег Вячеславович', 'м', 'Доцент', 'к.н.,доцент', 0, NULL, NULL, NULL),
(549, 307, 'Анпілогов Дмитро Ігорович', 'м', 'Доцент', 'к.н.,доцент', 0, NULL, NULL, NULL),
(551, 307, 'Коротунова Олена Володимирівна', 'ж', 'Доцент ', 'к.н.,доцент', 0, NULL, NULL, NULL),
(553, 307, 'Левада Володимир Степанович', 'м', 'Доцент ', 'к.н.,доцент', 0, NULL, NULL, NULL),
(554, 307, 'Левицька Тетяна Ігоревна', 'ж', 'Доцент ', 'к.н.,доцент', 0, NULL, NULL, NULL),
(556, 307, 'Мастиновський Юрій Вікторович', 'м', 'Зав. кафедри ', 'к.н.,професор', 0, NULL, NULL, NULL),
(557, 307, 'Мязін Олександр Олександрович', 'м', 'Ст. лаборант в/о', '', 0, NULL, NULL, NULL),
(558, 307, 'Онищенко Марія Владленівна', 'ж', 'Ст. лаборант в/о', '', 0, NULL, NULL, NULL),
(559, 307, 'Пожуєв Андрій Володимирович', 'м', 'Доцент', 'к.н.,доцент', 0, NULL, NULL, NULL),
(560, 307, 'Самсика Людмила Миколаївна', 'ж', 'Ст. лаборант в/о', '', 0, NULL, NULL, NULL),
(562, 307, 'Шишканова Ганна Анатоліївна', 'ж', 'Доцент', 'к.н.,доцент', 0, NULL, NULL, NULL),
(564, 307, 'Щербина(Тиха) Оксана Анатоліївна', 'ж', 'Асистент', '', 0, NULL, NULL, NULL),
(565, 290, 'Бєдняк Олег Григорович', 'м', 'Зав. лабораторії', '', 0, NULL, NULL, NULL),
(566, 290, 'Бельський Тимофій Володимирович', 'м', 'Зав. лабораторії', '', 0, NULL, NULL, NULL),
(567, 290, 'Голуб Тетяна Василівна', 'ж', 'Асистент', '', 0, NULL, NULL, NULL),
(568, 290, 'Куликовська (Гонтар) Наталя Анатоліївна', 'ж', 'Асистент', '', 0, NULL, NULL, NULL),
(569, 290, 'Грушко Світлана Сергіївна', 'ж', 'Ст. викладач', 'к.н.', 0, NULL, NULL, NULL),
(571, 290, 'Дьячук Тетяна Сергіївна', 'ж', 'Асистент', '', 0, NULL, NULL, NULL),
(572, 290, 'Зеленьова Ірина Яківна', 'ж', 'Доцент', 'к.н.,доцент', 0, NULL, NULL, NULL),
(573, 290, 'Зелік Олена Валеріївна', 'ж', 'Зав. лабораторії', '', 0, NULL, NULL, NULL),
(574, 290, 'Ільїна Ірина Владиславівна', 'ж', 'Ст. лаборант в/о', '', 0, NULL, NULL, NULL),
(575, 290, 'Ільяшенко Матвій Борисович', 'м', 'Доцент ', 'к.н.,доцент', 0, NULL, NULL, NULL),
(576, 290, 'Касьян Костянтин Миколайович', 'м', 'Доцент ', 'к.н.,доцент', 0, NULL, NULL, NULL),
(577, 290, 'Касьян Микола Миколайович', 'м', 'Декан ', 'к.н.,доцент', 0, NULL, NULL, NULL),
(579, 290, 'Киричек Галина Григорівна', 'ж', 'Доцент', 'к.н.,доцент', 0, NULL, NULL, NULL),
(581, 290, 'Кудерметов Равіль Камілович', 'м', 'Зав. кафедри ', 'к.н.,доцент', 0, NULL, NULL, NULL),
(583, 290, 'Куляба-Харитонова Тетяна Іванівна', 'ж', 'Ст. викладач', '', 0, NULL, NULL, NULL),
(585, 290, 'Мазур Денис Сергійович', 'м', 'Лаборант', '', 0, NULL, NULL, NULL),
(586, 290, 'Паромова Тетяна Олександрівна', 'ж', 'Ст. викладач', '', 0, NULL, NULL, NULL),
(587, 290, 'Петрова(Савенко) Ольга Анатоліївна', 'ж', 'Зав. лабораторії', '', 0, NULL, NULL, NULL),
(588, 290, 'Польська Ольга Володимирівна', 'ж', 'Ст. викладач', '', 0, NULL, NULL, NULL),
(590, 290, 'Проскурін Микола  Петрович', 'м', 'Доцент ', 'к.н.,доцент', 0, NULL, NULL, NULL),
(591, 290, 'Рибін Вадим Олегович', 'м', 'Ст. викладач', '', 0, NULL, NULL, NULL),
(592, 290, 'Сгадов Сергій Олександрович', 'м', 'Ст. викладач', '', 0, NULL, NULL, NULL),
(593, 290, 'Семерюк Тетяна Миколаївна', 'ж', 'Асистент', '', 0, NULL, NULL, NULL),
(594, 290, 'Сирота Анатолій Васильович', 'м', 'Ст. викладач', '', 0, NULL, NULL, NULL),
(595, 290, 'Скрупський Степан Юрійович', 'м', 'Доцент', 'к.н.,доцент', 0, NULL, NULL, NULL),
(597, 290, 'Тіменко Артур Валентинович', 'м', 'Асистент', '', 0, NULL, NULL, NULL),
(598, 290, 'Трубичина Діана Василівна', 'ж', 'Пров. фахівець', '', 0, NULL, NULL, NULL),
(599, 290, 'Тягунова Марія Юріївна', 'ж', 'Доцент', 'к.н.,доцент', 0, NULL, NULL, NULL),
(600, 290, 'Філончук (Нестеренко) Ганна Сергіївна', 'ж', 'Зав. лабораторії', '', 0, NULL, NULL, NULL),
(601, 290, 'Хохлов Микола Миколайович', 'м', 'Ст. викладач', '', 0, NULL, NULL, NULL),
(602, 290, 'Шкарупило Вадим Вікторович', 'м', 'Доцент', 'к.н.,доцент', 0, NULL, NULL, NULL),
(603, 290, 'Щербак Наталія Володимирівна', 'ж', 'Ст. викладач', '', 0, NULL, NULL, NULL),
(604, 308, 'Андреєв Максим Олександрович', 'м', 'Зав. лабораторії', '', 0, NULL, NULL, NULL),
(605, 308, 'Бєлова Алла Володимирівна', 'ж', 'Ст. лаборант в/о', '', 0, NULL, NULL, NULL),
(606, 308, 'Гладкова Ольга Миколаївна', 'ж', 'Доцент', 'к.н.', 0, NULL, NULL, NULL),
(608, 308, 'Дейнега Лариса Юріївна', 'ж', 'Ст. викладач', '', 0, NULL, NULL, NULL),
(610, 308, 'Дубровін Валерій Іванович', 'м', 'Професор', 'к.н.,професор', 0, NULL, NULL, NULL),
(612, 308, 'Зайко Тетяна Анатоліївна', 'ж', 'Доцент', 'к.н.', 0, NULL, NULL, NULL),
(614, 308, 'Зеленьова Ірина Яківна', 'ж', 'Доцент', 'к.н.,доцент', 0, NULL, NULL, NULL),
(615, 308, 'Калініна Марина Володимирівна', 'ж', 'Зав. лабораторії', '', 0, NULL, NULL, NULL),
(617, 308, 'Камінська Жанна Костянтинівна', 'ж', 'Асистент', '', 0, NULL, NULL, NULL),
(619, 308, 'Каплієнко Тетяна Ігорівна', 'ж', 'Доцент', 'к.н.,доцент', 0, NULL, NULL, NULL),
(621, 308, 'Качан Олександр Іванович', 'м', 'Ст. викладач', '', 0, NULL, NULL, NULL),
(622, 308, 'Клімов Антон Володимирович', 'м', 'Лаборант', '', 0, NULL, NULL, NULL),
(623, 308, 'Колпакова Тетяна Олексіївна', 'ж', 'Доцент', 'к.н.,доцент', 0, NULL, NULL, NULL),
(624, 308, 'Костюк Валентина Григорівна', 'ж', 'Ст. лаборант в/о', '', 0, NULL, NULL, NULL),
(625, 308, 'Корнієнко Сергій Костянтинович', 'м', 'Доцент', 'к.н.,доцент', 0, NULL, NULL, NULL),
(627, 308, 'Кривцун Олена Володимирівна', 'ж', 'Доцент', 'к.н.,доцент', 0, NULL, NULL, NULL),
(628, 308, 'Левада Ірина Василівна', 'ж', 'Ст. викладач', '', 0, NULL, NULL, NULL),
(629, 308, 'Леощенко Сергій Дмитрович', 'м', 'Асистент', '', 0, NULL, NULL, NULL),
(630, 308, 'Льовкін Валерій Миколайович', 'м', 'Доцент', 'к.н.,доцент', 0, NULL, NULL, NULL),
(631, 308, 'Медков Всеволод Максимович', 'м', 'Лаборант', '', 0, NULL, NULL, NULL),
(632, 308, 'Миронова Наталя Олексіївна', 'ж', 'Доцент', 'к.н.', 0, NULL, NULL, NULL),
(634, 308, 'Неласа Ганна Вікторівна', 'ж', 'Доцент', 'к.н.,доцент', 0, NULL, NULL, NULL),
(635, 308, 'Олійник Андрій Олександрович', 'м', 'Доцент ', 'к.н.,доцент', 0, NULL, NULL, NULL),
(637, 308, 'Пархоменко Анжеліка Володимирівна', 'ж', 'Доцент', 'к.н.,доцент', 0, NULL, NULL, NULL),
(639, 308, 'Рященко Олександра Василівна', 'ж', 'Ст. лаборант в/о', '', 0, NULL, NULL, NULL),
(640, 308, 'Сердюк Сергій Микитович', 'м', 'Доцент', 'к.н.,доцент', 0, NULL, NULL, NULL),
(641, 308, 'Сизоненко Анастасія Олександрівна', 'ж', 'Ст. лаборант в/о', '', 0, NULL, NULL, NULL),
(642, 308, 'Скачко Лілія Павлівна', 'ж', 'Асистент', '', 0, NULL, NULL, NULL),
(643, 308, 'Скрупський Степан Юрійович', 'м', 'Доцент', 'к.н.,доцент', 0, NULL, NULL, NULL),
(644, 308, 'Степаненко Олександр Олексійович', 'м', 'Доцент', 'к.н.,доцент', 0, NULL, NULL, NULL),
(646, 308, 'Субботін Сергій Олександрович', 'м', 'Зав. кафедри ', 'д.н.,професор', 0, NULL, NULL, NULL),
(648, 308, 'Табунщик Галина Володимирівна', 'ж', 'Професор', 'к.н.,доцент', 0, NULL, NULL, NULL),
(650, 308, 'Терещенко Еліна Валентинівна', 'ж', 'Доцент', 'к.н.,доцент', 0, NULL, NULL, NULL),
(651, 308, 'Федорончак(Юр)Тетяна Василівна', 'ж', 'Доцент', 'к.н.,доцент', 0, NULL, NULL, NULL),
(653, 308, 'Федорченко Євген Миколайович', 'м', 'Ст. викладач', '', 0, NULL, NULL, NULL),
(655, 308, 'Шило Галина Миколаївна', 'ж', 'Доцент', 'к.н.,доцент', 0, NULL, NULL, NULL),
(656, 311, 'Бакурова Анна Володимирівна', 'ж', 'Професор', 'д.н.,професор', 0, NULL, NULL, NULL),
(657, 311, 'Голубничий Віктор Вікторович', 'м', 'Зав. лабораторії', '', 0, NULL, NULL, NULL),
(658, 311, 'Денисенко Олександр Іванович', 'м', 'Доцент', 'к.н.,доцент', 0, NULL, NULL, NULL),
(659, 311, 'Корніч Григорій Володимирович', 'м', 'Зав. кафедри ', 'д.н.,професор', 0, NULL, NULL, NULL),
(661, 311, 'Кривцун Олена Володимирівна', 'ж', 'Доцент', 'к.н.,доцент', 0, NULL, NULL, NULL),
(662, 311, 'Пархоменко Лариса Олександрівна', 'ж', 'Доцент ', 'к.н.,доцент', 0, NULL, NULL, NULL),
(663, 311, 'Потапова Юлія Анатоліївна', 'ж', 'Ст. лаборант', '', 0, NULL, NULL, NULL),
(664, 311, 'Рябенко Антон Євгенович', 'м', 'Доцент', 'к.н.,доцент', 0, NULL, NULL, NULL),
(666, 311, 'Савранська Алла Володимирівна', 'ж', 'Доцент', 'к.н.,доцент', 0, NULL, NULL, NULL),
(667, 311, 'Шаршава Ніна Віталіївна', 'ж', 'Ст. лаборант в/о', '', 0, NULL, NULL, NULL),
(668, 311, 'Широкорада Дмитро Вікторович', 'м', 'Ст. викладач', 'к.н.', 0, NULL, NULL, NULL),
(669, 327, 'Андросова Олена Федорівна', 'ж', 'Доцент', 'к.н.,доцент', 0, NULL, NULL, NULL),
(670, 327, 'Андрющенко Ірина Євгенівна', 'ж', 'Професор', 'д.н.,доцент', 0, NULL, NULL, NULL),
(671, 327, 'Бабенко-Левада Вікторія Геннадіївна', 'ж', 'Доцент', 'к.н.,доцент', 0, NULL, NULL, NULL),
(672, 327, 'Здорова Катерина Олександрівна', 'ж', 'Лаборант', '', 0, NULL, NULL, NULL),
(673, 327, 'Лайкова Катерина Миколаївна', 'ж', 'Ст. лаборант в/о', '', 0, NULL, NULL, NULL),
(674, 327, 'Левченко Наталія Михайлівна', 'ж', 'Професор', 'д.н.,професор', 0, NULL, NULL, NULL),
(675, 327, 'Набатова Юлія Олександрівна', 'ж', 'Доцент', 'д.н.,доцент', 0, NULL, NULL, NULL),
(676, 327, 'Панчайкіна Вікторія Олександрівна', 'ж', 'Пров. фахівець', '', 0, NULL, NULL, NULL),
(677, 327, 'Пахомова Ірина Георгіївна', 'ж', 'Доцент', 'к.н.,доцент', 0, NULL, NULL, NULL),
(678, 327, 'Прушківський Володимир Геннадійович', 'м', 'Професор', 'д.н.,професор', 0, NULL, NULL, NULL),
(679, 327, 'Силенко Сергій Анатолійович', 'м', 'Доцент', 'к.н.', 0, NULL, NULL, NULL),
(680, 327, 'Фатюха Наталія Георгіївна', 'ж', 'Доцент ', 'к.н.,доцент', 0, NULL, NULL, NULL),
(681, 327, 'Чередниченко Наталія Олександрівна', 'ж', 'Ст. викладач', '', 0, NULL, NULL, NULL),
(682, 327, 'Шарова Світлана Василівна', 'ж', 'Зав. кафедри', 'к.н.,доцент', 0, NULL, NULL, NULL),
(683, 327, 'Шевцова Марина Вікторівна', 'ж', 'Пров. фахівець', '', 0, NULL, NULL, NULL),
(684, 302, 'Болдуєв Михайло Валентинович', 'м', 'Професор', 'к.н.,доцент', 0, NULL, NULL, NULL),
(685, 302, 'Візіренко Світлана Вікторівна', 'ж', 'Доцент', 'к.н.,доцент', 0, NULL, NULL, NULL),
(687, 302, 'Жадан Михайло Іванович', 'м', 'Доцент ', 'к.н.,доцент', 0, NULL, NULL, NULL),
(688, 302, 'Зоря Олександра Павлівна', 'ж', 'Доцент ', 'к.н.,доцент', 0, NULL, NULL, NULL),
(689, 302, 'Корольков Владислав Васильович', 'м', '??????', '', 0, NULL, NULL, NULL),
(690, 302, 'Левченко Наталія Михайлівна', 'ж', 'Професор', 'д.н.,професор', 0, NULL, NULL, NULL);
INSERT INTO `teacher` (`teacher_id`, `department_id`, `full_name`, `sex`, `post`, `status`, `is_not_working`, `favourite_days`, `favourite_time`, `priority`) VALUES
(691, 302, 'Лівошко Тетяна Володимирівна', 'ж', 'Доцент', 'к.н.,доцент', 0, NULL, NULL, NULL),
(692, 302, 'Лищенко Олена Германівна', 'ж', 'Зав. кафедри', 'к.н.,доцент', 0, NULL, NULL, NULL),
(694, 302, 'Максименко Ірина Яківна', 'ж', 'Доцент', 'к.н.,доцент', 0, NULL, NULL, NULL),
(696, 302, 'Очеретько Лариса Михайлівна', 'ж', 'Доцент', 'к.н.,доцент', 0, NULL, NULL, NULL),
(698, 302, 'Помулєва Валентина Миколаївна', 'ж', 'Ст. викладач', '', 0, NULL, NULL, NULL),
(699, 302, 'Панченко Ольга Михайлівна', 'ж', 'Доцент', 'к.н.,доцент', 0, NULL, NULL, NULL),
(700, 295, 'Головина (Власова) Альона Віталіївна', 'ж', 'Лаборант', '', 0, NULL, NULL, NULL),
(701, 295, 'Гудзь Петро Васильович', 'м', 'Професор', 'д.н.,професор', 0, NULL, NULL, NULL),
(702, 295, 'Корякіна Оксана Борисівна', 'ж', 'Пров. фахівець', '', 0, NULL, NULL, NULL),
(704, 295, 'Корольков Владислав Васильович', 'м', 'Доцент', 'к.н.,доцент', 0, NULL, NULL, NULL),
(705, 295, 'Матвєєва Ірина Юріївна', 'ж', 'Лаборант', '', 0, NULL, NULL, NULL),
(706, 295, 'Нечаєва Ірина Анатоліївна', 'ж', 'Доцент', 'к.н.,доцент', 0, NULL, NULL, NULL),
(708, 295, 'Панкова Алла Юріївна', 'ж', 'Доцент', 'к.н.,доцент', 0, NULL, NULL, NULL),
(709, 295, 'Половенко Альбіна Андріївна', 'ж', 'Лаборант', '', 0, NULL, NULL, NULL),
(710, 295, 'Пуліна Тетяна Веніамінівна ', 'ж', 'Зав. кафедри', 'д.н.,професор', 0, NULL, NULL, NULL),
(712, 295, 'Риженко Олексій Миколайович', 'м', 'Доцент ', 'к.н.', 0, NULL, NULL, NULL),
(713, 295, 'Соріна Оксана Олександрівна', 'ж', 'Ст. викладач', '', 0, NULL, NULL, NULL),
(715, 295, 'Тесленок Ірина Миколаївна', 'ж', 'Доцент ', 'к.н.,доцент', 0, NULL, NULL, NULL),
(717, 295, 'Ткачук Олександр Юхимович', 'м', 'Доцент ', 'к.н.,доцент', 0, NULL, NULL, NULL),
(719, 293, 'Каравська Інга Михайлівна', 'ж', 'Пров. фахівець', '', 0, NULL, NULL, NULL),
(720, 293, 'Козицька Галина Валентинівна', 'ж', 'Доцент ', 'к.н.,доцент', 0, NULL, NULL, NULL),
(722, 293, 'Кочнова Ірина Валентинівна', 'ж', 'Ст. викладач', '', 0, NULL, NULL, NULL),
(723, 293, 'Лифар Владислава Віталіївна', 'ж', 'Зав. кафедри ', 'д.н.,професор', 0, NULL, NULL, NULL),
(725, 293, 'Онуфрієнко Наталія Леонідівна', 'ж', 'Ст. викладач', '', 0, NULL, NULL, NULL),
(726, 293, 'Павлішина Ніна Михайлівна', 'ж', 'Доцент', 'к.н.', 0, NULL, NULL, NULL),
(728, 293, 'Соколова Юлія Олександрівна', 'ж', 'Доцент', 'к.н.,доцент', 0, NULL, NULL, NULL),
(729, 293, 'Тіховська Тетяна Миколаївна', 'ж', 'Доцент', 'к.н.,доцент', 0, NULL, NULL, NULL),
(730, 277, 'Афендікова Наталія Олександрівна', 'ж', 'Доцент ', 'к.н.,доцент', 0, NULL, NULL, NULL),
(731, 277, 'Бурма Ольга Григорівна', 'ж', 'Пров. фахівець', '', 0, NULL, NULL, NULL),
(732, 277, 'Бурма Сергій Ігорович', 'м', 'Ст. викладач', '', 0, NULL, NULL, NULL),
(733, 277, 'Венгерська Наталя Сергіївна', 'ж', 'Ст. викладач', 'к.н.', 0, NULL, NULL, NULL),
(734, 277, 'Губарь Олена Василівна', 'ж', 'Зав. кафедри', 'к.н.,доцент', 0, NULL, NULL, NULL),
(736, 277, 'Лось Анжеліка Олексіївна', 'ж', 'Ст. лаборант в/о', '', 0, NULL, NULL, NULL),
(737, 277, 'Лук\'яненко Наталія Едуардівна', 'ж', 'Ст. викладач', '', 0, NULL, NULL, NULL),
(739, 277, 'Переверзєва Анна Василівна', 'ж', 'Доцент', 'к.н..доцент', 0, NULL, NULL, NULL),
(740, 277, 'Прушківська Емілія Василівна', 'ж', 'Професор', 'д.н.,професор', 0, NULL, NULL, NULL),
(741, 277, 'Сердюк Євгенія Михайлівна', 'м', 'Ст. викладач', '', 0, NULL, NULL, NULL),
(742, 277, 'Сидорук Ірина Сергіївна', 'ж', 'Ст. викладач', 'к.н.', 0, NULL, NULL, NULL),
(743, 277, 'Федорченко Ольга Костянтинівна', 'ж', 'Ст. викладач', '', 0, NULL, NULL, NULL),
(744, 277, 'Чумак Олена Василівна', 'ж', 'Ст. викладач', 'к.н.', 0, NULL, NULL, NULL),
(745, 277, 'Шило Людмила Миколаївна', 'ж', 'Ст. лаборант', '', 0, NULL, NULL, NULL),
(746, 277, 'Юрченко Вікторія Іллівна', 'ж', 'Доцент', 'к.н.', 0, NULL, NULL, NULL),
(747, 324, 'Атаманюк Світлана Іванівна', 'ж', 'Зав. кафедри', 'к.н.,доцент', 0, NULL, NULL, NULL),
(748, 324, 'Бугайова Олена Вікторівна', 'ж', 'Пров. фахівець', '', 0, NULL, NULL, NULL),
(749, 324, 'Ванюк Олександр Іванович', 'м', 'Доцент', 'к.н.', 0, NULL, NULL, NULL),
(750, 324, 'Гуцалюк Дар\'я Геннадіївна', 'ж', 'Лаборант', '', 0, NULL, NULL, NULL),
(752, 324, 'Голєва Наталія Павлівна', 'ж', 'Ст. викладач', '', 0, NULL, NULL, NULL),
(753, 324, 'Губрієнко Олександр Анатолійович', 'м', 'Викладач', '', 0, NULL, NULL, NULL),
(754, 324, 'Дєєв Павло Тимофійович', 'м', 'Ст. лаборант в/о', '', 0, NULL, NULL, NULL),
(755, 324, 'Дудник Юрій Ігорович', 'м', 'Ст. викладач', '', 0, NULL, NULL, NULL),
(756, 324, 'Жержерунов Андрій Олександрович', 'м', 'Викладач', '', 0, NULL, NULL, NULL),
(757, 324, 'Журавльов Юрій Геннадійович', 'м', 'Ст. викладач', '', 0, NULL, NULL, NULL),
(759, 324, 'Кемкіна Вікторія Ігорівна', 'ж', 'Доцент ', 'к.н.,доцент', 0, NULL, NULL, NULL),
(760, 324, 'Кириченко Олена Віталіївна', 'ж', 'Ст. викладач', '', 0, NULL, NULL, NULL),
(762, 324, 'Кокарева Світлана Миколаївна', 'ж', 'Ст. викладач', '', 0, NULL, NULL, NULL),
(763, 324, 'Корнієнко Дмитро Сергійович', 'м', 'Пров. фахівець', '', 0, NULL, NULL, NULL),
(764, 324, 'Кубатко (Чмихал) Аліна Іванівна', 'ж', 'Викладач', '', 0, NULL, NULL, NULL),
(765, 324, 'Малюхова Юлія Олександрівна', 'ж', 'Пров. фахівець', '', 0, NULL, NULL, NULL),
(766, 324, 'Мілкіна Олена Володимирівна', 'ж', 'Ст. викладач', '', 0, NULL, NULL, NULL),
(768, 324, 'Мотуз Сергій Олександрович', 'м', 'Ст. викладач', '', 0, NULL, NULL, NULL),
(769, 324, 'Напалкова Тетяна Вадимівна', 'ж', 'Ст. викладач', '', 0, NULL, NULL, NULL),
(770, 324, 'Передерій Олена Петрівна', 'ж', 'Зав. лабораторії', '', 0, NULL, NULL, NULL),
(771, 324, 'Путров Олександр Юрійович', 'м', 'Викладач', '', 0, NULL, NULL, NULL),
(772, 324, 'Ремешевський Олександр Володимирович', 'м', 'Ст. викладач', '', 0, NULL, NULL, NULL),
(773, 324, 'Рімар Юрій Іванович', 'м', 'Доцент', 'к.н.,доцент', 0, NULL, NULL, NULL),
(774, 324, 'Сокол Людмила Григорівна', 'ж', 'Ст. викладач', '', 0, NULL, NULL, NULL),
(775, 324, 'Сургай Любовь Михайлівна', 'ж', 'Ст. лаборант', '', 0, NULL, NULL, NULL),
(776, 324, 'Терьохіна Ольга Леонідівна', 'ж', 'Ст. викладач', 'к.н.', 0, NULL, NULL, NULL),
(777, 324, 'Черненко Андрій Євгенович', 'м', 'Ст. викладач', '', 0, NULL, NULL, NULL),
(778, 324, 'Шеховцова Катерина Вікторівна', 'ж', 'Ст. викладач', '', 0, NULL, NULL, NULL),
(779, 324, 'Шипенко Андрій Олександрович', 'м', 'Викладач', '', 0, NULL, NULL, NULL),
(780, 298, 'Войцеховська Ірина Вікторівна', 'ж', 'Ст. лаборант в/о', '', 0, NULL, NULL, NULL),
(781, 298, 'Корольков Владислав Васильович', 'м', 'Декан ', 'к.н.,доцент', 0, NULL, NULL, NULL),
(783, 298, 'Лазнева Ірина Олександрівна', 'ж', 'Доцент', 'к.н.,доцент', 0, NULL, NULL, NULL),
(785, 298, 'Максименко Ірина Яківна', 'ж', 'Доцент', 'к.н.,доцент', 0, NULL, NULL, NULL),
(786, 298, 'Мелещенко Анатолій Іванович', 'м', 'Доцент', 'к.н.,доцент', 0, NULL, NULL, NULL),
(787, 298, 'Ніколенко Олена Василівна', 'ж', 'Пров. фахівець', '', 0, NULL, NULL, NULL),
(788, 298, 'Павлюк Тетяна Сергіївна', 'ж', 'Ст. викладач', '', 0, NULL, NULL, NULL),
(789, 298, 'Перелигіна Тетяна Володимирівна', 'ж', 'Пров. фахівець', '', 0, NULL, NULL, NULL),
(790, 298, 'Прушківська Емілія Василівна', 'ж', 'Зав. кафедри', 'д.н.,професор', 0, NULL, NULL, NULL),
(791, 298, 'Салімонов Олексій Юрійович', 'м', 'Пров. фахівець', '', 0, NULL, NULL, NULL),
(793, 298, 'Сарнацький Олександр Петрович', 'м', 'Професор', 'д.н.,професор', 0, NULL, NULL, NULL),
(794, 298, 'Ситников Микола Миколайович', 'м', 'Доцент', 'к.н.,доцент', 0, NULL, NULL, NULL),
(795, 298, 'Черномаз Катерина Геннадіївна', 'ж', 'Ст. викладач', '', 0, NULL, NULL, NULL),
(797, 315, 'Бережна Олена Олександрівна', 'ж', 'Ст. викладач', '', 0, NULL, NULL, NULL),
(798, 315, 'Бондаренко Олена Миколаївна', 'ж', 'Доцент', '', 0, NULL, NULL, NULL),
(799, 315, 'Важнича  Анна Степанівна', 'ж', 'Ст. лаборант в/о', '', 0, NULL, NULL, NULL),
(800, 315, 'Волошук Вікторія Іванівна', 'ж', 'Професор', 'к.н.,доцент', 0, NULL, NULL, NULL),
(802, 315, 'Голтвяниця Надія Юріївна', 'ж', 'Доцент ', 'к.н.,доцент', 0, NULL, NULL, NULL),
(803, 315, 'Гура Наталія Петрівна', 'ж', 'Доцент', 'к.н.,доцент', 0, NULL, NULL, NULL),
(804, 315, 'Данилевська Тетяна Анатоліївна', 'ж', 'Ст. лаборант в/о', '', 0, NULL, NULL, NULL),
(805, 315, 'Каширіна Ірина Віталіївна', 'ж', 'Викладач', '', 0, NULL, NULL, NULL),
(806, 315, 'Костенко Ганна Миколаївна', 'ж', 'Доцент', 'к.н.,доцент', 0, NULL, NULL, NULL),
(808, 315, 'Кузнецова Марія Олександрівна', 'ж', 'Доцент', 'к.н.', 0, NULL, NULL, NULL),
(809, 315, 'Кузнєцова Ірина Володимирівна', 'ж', 'Доцент', 'к.н.,доцент', 0, NULL, NULL, NULL),
(810, 315, 'Кулабнєва Олена Андріївна', 'ж', 'Викладач', '', 0, NULL, NULL, NULL),
(811, 315, 'Кущ Еліна Олексіївна', 'ж', 'Доцент', 'к.н.,доцент', 0, NULL, NULL, NULL),
(812, 315, 'Лазебна Наталія Валеріївна', 'ж', 'Доцент', 'к.н.,доцент', 0, NULL, NULL, NULL),
(813, 315, 'Лобач Наталія Вікторівна', 'ж', 'Ст. лаборант', '', 0, NULL, NULL, NULL),
(814, 315, 'Лут Катерина Анатоліївна', 'ж', 'Доцент', 'к.н.,доцент', 0, NULL, NULL, NULL),
(816, 315, 'Мелещенко Анатолій Іванович', 'м', 'Доцент', 'к.н.,доцент', 0, NULL, NULL, NULL),
(817, 315, 'Підгорна Анна Борисівна', 'ж', 'Доцент ', 'к.н.,доцент', 0, NULL, NULL, NULL),
(818, 315, 'Приходько Анатолій Миколайович', 'м', 'Зав. кафедри', 'д.н.,професор', 0, NULL, NULL, NULL),
(820, 315, 'Рябенко Ганна Анатоліївна', 'ж', 'Викладач', '', 0, NULL, NULL, NULL),
(821, 315, 'Удод Ірина Володимирівна', 'ж', 'Ст. лаборант ', '', 0, NULL, NULL, NULL),
(822, 315, 'Хавкіна Олена Миколаївна', 'м', 'Доцент', 'к.н.,доцент', 0, NULL, NULL, NULL),
(824, 315, 'Четвертак (Дуйко) Євгенія Олександрівна', 'ж', 'Доцент', 'к.н.', 0, NULL, NULL, NULL),
(825, 306, 'Давлєтова Ганна Василівна', 'ж', 'Асистент', '', 0, NULL, NULL, NULL),
(826, 306, 'Кириченко Віктор Миколайович', 'м', 'Зав. кафедри ', 'к.н.,доцент', 0, NULL, NULL, NULL),
(828, 306, 'Кириченко Юрій Вікторович', 'м', 'Професор', 'д.н.,доцент', 0, NULL, NULL, NULL),
(829, 306, 'Крутильов Артур Андрійович', 'м', 'Лаборант', '', 0, NULL, NULL, NULL),
(830, 306, 'Орлянський Володимир Семенович', 'м', 'Професор', 'д.н.,професор', 0, NULL, NULL, NULL),
(832, 306, 'Рєзанова Наталія Олександрівна', 'ж', 'Доцент', 'к.н.,доцент', 0, NULL, NULL, NULL),
(834, 328, 'Філін Геннадій Якович', 'м', 'Ст. лаборант в/о', '', 0, NULL, NULL, NULL),
(835, 320, 'Бондарчук Катерина Сергіївна', 'ж', 'Доцент', '', 0, NULL, NULL, NULL),
(837, 320, 'Бічай Геннадій Никифорович', 'м', 'Ст. лаборант в/о', '', 0, NULL, NULL, NULL),
(838, 320, 'Бровко Борис Аркадійович', 'м', 'Доцент', 'к.н.,доцент', 0, NULL, NULL, NULL),
(839, 320, 'Бровко Борис Акадійович', 'м', 'Доцент', 'к.н.,доцент', 0, NULL, NULL, NULL),
(840, 320, 'Брацун Оксана Іванівна', 'ж', 'Ст. викладач', '', 0, NULL, NULL, NULL),
(842, 320, 'Васильчук Тетяна Василівна', 'ж', 'Доцент ', 'к.н.,доцент', 0, NULL, NULL, NULL),
(844, 320, 'Дєдков Микола Васильович', 'м', 'Декан ', 'к.н.,доцент', 0, NULL, NULL, NULL),
(846, 320, 'Ільчук Клавдія Іванівна', 'ж', 'Ст. викладач', '', 0, NULL, NULL, NULL),
(847, 320, 'Катиш Тетяна Валентинівна', 'ж', 'Доцент ', 'к.н.,доцент', 0, NULL, NULL, NULL),
(848, 320, 'Коянс Анріс Арвідович', 'м', 'Асистент', '', 0, NULL, NULL, NULL),
(849, 320, 'Мантуло Наталія Борисівна', 'ж', 'Доцент', 'д.н.,доцент', 0, NULL, NULL, NULL),
(850, 320, 'Меснянкіна Світлана Валеріївна', 'ж', 'Ст. лаборант в/о', '', 0, NULL, NULL, NULL),
(851, 320, 'Миронюк Ліна Віталіївна', 'ж', 'Ст. викладач', '', 0, NULL, NULL, NULL),
(852, 320, 'Мозуленко Дмитро Іванович', 'м', 'Ст. викладач', '', 0, NULL, NULL, NULL),
(853, 320, 'Онуфрієнко Галина Сергіївна', 'ж', 'Доцент ', 'к.н.,доцент', 0, NULL, NULL, NULL),
(854, 320, 'Сергієнко Галина Олександрівна', 'ж', 'Ст. викладач', '', 0, NULL, NULL, NULL),
(855, 320, 'Сигида Галина Анатоліївна', 'ж', 'Ст. викладач', '', 0, NULL, NULL, NULL),
(856, 320, 'Спудка Ірина Миколаївна', 'ж', 'Доцент ', 'к.н.,доцент', 0, NULL, NULL, NULL),
(857, 320, 'Удод Ірина Володимирівна', 'ж', 'Ст. лаборант', '', 0, NULL, NULL, NULL),
(858, 320, 'Чернова Ірина Вікторівна', 'ж', 'Доцент', 'к.н.,доцент', 0, NULL, NULL, NULL),
(860, 320, 'Чоп Володимир Миколайович', 'м', 'Доцент ', 'к.н.,доцент', 0, NULL, NULL, NULL),
(861, 320, 'Чумаченко(Бондарчук) Ольга Анатоліївна', 'ж', 'Доцент ', 'к.н.', 0, NULL, NULL, NULL),
(862, 320, 'Шестопалова Людмила Іванівна', 'ж', 'Ст. лаборант', '', 0, NULL, NULL, NULL),
(863, 326, 'Арсентьєва Галина Олександрівна ', 'ж', 'Доцент', 'к.н.,доцент', 0, NULL, NULL, NULL),
(864, 326, 'Барна Людмила Миколаївна', 'ж', 'Ст. лаборант', '', 0, NULL, NULL, NULL),
(865, 326, 'Бондаревич Ірина Миколаіївна', 'ж', 'Доцент ', 'к.н.,доцент', 0, NULL, NULL, NULL),
(867, 326, 'Бондаренко Ольга Валеріївна', 'ж', 'Зав. кафедри ', 'д.н.,професор', 0, NULL, NULL, NULL),
(869, 326, 'Дєвочкіна Наталія Миколаївна', 'ж', 'Доцент', 'к.н.,доцент', 0, NULL, NULL, NULL),
(871, 326, 'Ємельяненко Євгенія Олегівна', 'ж', 'Доцент', 'к.н.,доцент', 0, NULL, NULL, NULL),
(873, 326, 'Коваль  Вікторія Миколаївна', 'ж', 'Ст. викладач', '', 0, NULL, NULL, NULL),
(874, 326, 'Повзло Олександр Миколайович', 'м', 'Доцент ', 'к.н.,доцент', 0, NULL, NULL, NULL),
(876, 326, 'Шеховцова Катерина Вікторівна', 'ж', 'Лаборант', '', 0, NULL, NULL, NULL),
(877, 321, 'Бєлікова Наталія Анатоліївна', 'ж', 'Ст. лаборант', '', 0, NULL, NULL, NULL),
(878, 321, 'Бицюк Вікторія Володимирівна', 'ж', 'Ст. викладач', '', 0, NULL, NULL, NULL),
(879, 321, 'Брухно Едуард Леонідович', 'м', 'Ст. викладач', '', 0, NULL, NULL, NULL),
(881, 321, 'Буренко Марина Сергіївна', 'ж', 'Доцент', 'к.н.', 0, NULL, NULL, NULL),
(882, 321, 'Бурка Євгенія Миколаївна', 'ж', 'Ст. лаборант', '', 0, NULL, NULL, NULL),
(883, 321, 'Глущенко Наталія Володимирівна', 'ж', 'Доцент', 'к.н.,доцент', 0, NULL, NULL, NULL),
(885, 321, 'Зайцева Ольга Леонидівна', 'ж', 'Ст. викладач', '', 0, NULL, NULL, NULL),
(887, 321, 'Захарова Олена Миколаївна', 'ж', 'Ст. викладач', '', 0, NULL, NULL, NULL),
(888, 321, 'Коломоєць (Гончаренко) Ірина Олександрівна', 'ж', 'Ст. лаборант', '', 0, NULL, NULL, NULL),
(889, 321, 'Корж Наталія Леонидівна', 'ж', 'Доцент', 'к.н.', 0, NULL, NULL, NULL),
(890, 321, 'Корнієнко Ольга Юріївна', 'ж', 'Ст. лаборант в/о', '', 0, NULL, NULL, NULL),
(891, 321, 'Курта Євген Олександрович', 'м', 'Доцент', 'к.н.,доцент', 0, NULL, NULL, NULL),
(893, 321, 'Мазін Василь Миколайович', 'м', 'Зав. кафедри', 'д.н.,доцент', 0, NULL, NULL, NULL),
(895, 321, 'Миргородский Олександр Володимирович', 'м', 'Ст. викладач', '', 0, NULL, NULL, NULL),
(897, 321, 'Порада Оксана Володимирівна', 'ж', 'Ст. викладач', '', 0, NULL, NULL, NULL),
(898, 321, 'Пущіна Ірина Вікторівна', 'ж', 'В.о. декана ', 'к.н.,доцент', 0, NULL, NULL, NULL),
(900, 321, 'Сметанін Сергій Валентинович', 'м', 'Ст. викладач', '', 0, NULL, NULL, NULL),
(902, 321, 'Толкачова Олена Валеріївна', 'ж', 'Доцент', 'к.н.', 0, NULL, NULL, NULL),
(903, 321, 'Чередниченко Інна Анатоліївна', 'ж', 'Доцент', 'к.н.', 0, NULL, NULL, NULL),
(905, 321, 'Чухланцева Наталя Вікторівна', 'ж', 'Доцент', 'к.н.,доцент', 0, NULL, NULL, NULL),
(907, 321, 'Шамардін Валерій Миколайович', 'м', 'Професор', 'д.н.,професор', 0, NULL, NULL, NULL),
(908, 321, 'Шамардіна Галина Миколаївна', 'ж', 'Професор', 'к.н.,професор', 0, NULL, NULL, NULL),
(910, 321, 'Шуба Людмила Вікторівна', 'ж', 'Доцент', 'к.н.', 0, NULL, NULL, NULL),
(912, 325, 'Бабій Іван Миколайович', 'м', 'Доцент', 'к.н.,доцент', 0, NULL, NULL, NULL),
(913, 325, 'Бурка Олена Миколаївна', 'ж', 'Ст. викладач ', '', 0, NULL, NULL, NULL),
(915, 325, 'Гагара Володимир Федорович', 'м', 'Доцент', 'к.н.,доцент', 0, NULL, NULL, NULL),
(917, 325, 'Єрмолаєва Алла Вячеславівна', 'ж', 'Доцент', 'к.н.', 0, NULL, NULL, NULL),
(919, 325, 'Івахненко Анна Аркадіївна', 'ж', 'Зав. кафедри', 'к.н.,доцент', 0, NULL, NULL, NULL),
(920, 325, 'Івахненко Анна Аркадієвна', 'ж', 'Доцент ', 'к.н.,доцент', 0, NULL, NULL, NULL),
(921, 325, 'Ковальова Ольга Володимирівна', 'ж', 'Доцент', 'к.н.,доцент', 0, NULL, NULL, NULL),
(922, 325, 'Ковальова Алла Андріївна', 'ж', 'Викладач', '', 0, NULL, NULL, NULL),
(924, 325, 'Клапчук Василь Васильович', 'м', 'Зав. кафедри ', 'д.н.,професор', 0, NULL, NULL, NULL),
(925, 325, 'Маляренко (Перекрест) Юлія Олександрівна', 'ж', 'Доцент', 'к.н.', 0, NULL, NULL, NULL),
(927, 325, 'Марюхніч Надія Володимирівна', 'ж', 'Доцент', 'к.н.', 0, NULL, NULL, NULL),
(928, 325, 'Мирна Ангеліна Іванівна', 'ж', 'Доцент', 'к.н.,доцент', 0, NULL, NULL, NULL),
(930, 325, 'Орлова  Оксана Миколаївна', 'ж', 'Ст. лаборант', '', 0, NULL, NULL, NULL),
(931, 325, 'Порада Оксана Володимирівна', 'ж', 'Ст. викладач', '', 0, NULL, NULL, NULL),
(932, 325, 'Присяжнюк Олена Анатоліївна', 'ж', 'Доцент', 'к.н.,доцент', 0, NULL, NULL, NULL),
(934, 325, 'Рижкова Марія Вадимівна', 'ж', 'Ст. викладач', '', 0, NULL, NULL, NULL),
(936, 325, 'Романова (Бойко) Тетяна Анатоліївна', 'ж', 'Ст. викладач', '', 0, NULL, NULL, NULL),
(937, 325, 'Сардак Олександр Олексійович', 'м', 'Ст. викладач', '', 0, NULL, NULL, NULL),
(939, 325, 'Середа Ольга Павлівна', 'ж', 'Ст. викладач', '', 0, NULL, NULL, NULL),
(940, 325, 'Сидорин Володимир Олегович', 'м', 'Ст. викладач', '', 0, NULL, NULL, NULL),
(941, 325, 'Тимченко Ірина Григорівна', 'ж', 'Ст. лаборант', '', 0, NULL, NULL, NULL),
(942, 325, 'Фетісова Валентина Валеріївна', 'ж', 'Доцент', 'к.н.,доцент', 0, NULL, NULL, NULL),
(943, 325, 'Черепєхіна Ольга Анатоліївна', 'ж', 'Доцент', 'к.н.,доцент', 0, NULL, NULL, NULL),
(944, 313, 'Бабій Іван Миколайович', 'м', 'Доцент', 'к.н.,доцент', 0, NULL, NULL, NULL),
(945, 313, 'Дєвочкін Василій Федорович', 'м', 'Асистент', '', 0, NULL, NULL, NULL),
(946, 313, 'Івахненко Анна Аркадієвна', 'ж', 'Зав. кафедри', 'к.н.,доцент', 0, NULL, NULL, NULL),
(947, 313, 'Зайцева Ольга Леонидівна', 'ж', 'Ст. викладач', '', 0, NULL, NULL, NULL),
(949, 313, 'Залановська Леся Ігорівна', 'ж', 'Доцент', 'к.н.', 0, NULL, NULL, NULL),
(950, 313, 'Мірумян Вікторія Василівна', 'ж', 'Ст. лаборант в/о', '', 0, NULL, NULL, NULL),
(951, 313, 'Пущина Ірина Вікторівна', 'ж', 'Доцент', 'к.н.,доцент', 0, NULL, NULL, NULL),
(952, 313, 'Семенцова Оксана Миколаївна', 'ж', 'Ст. викладач', '', 0, NULL, NULL, NULL),
(954, 313, 'Середа Ольга Павлівна', 'ж', 'Ст. викладач', '', 0, NULL, NULL, NULL),
(955, 313, 'Скрипниченко Світлана Миколаївна', 'ж', 'Викладач', '', 0, NULL, NULL, NULL),
(956, 313, 'Фабріс Вероніка Олегівна', 'ж', 'Лаборант', '', 0, NULL, NULL, NULL),
(957, 313, 'Шпитальов Геннадій Георгійович', 'м', 'Доцент', 'к.н.,доцент', 0, NULL, NULL, NULL),
(958, 319, 'Арабаджиєв Дмитро Юрійович', 'м', 'Професор', 'д.н.,доцент', 0, NULL, NULL, NULL),
(959, 319, 'Балухтіна Олена Миколаївна', 'ж', 'Викладач', '', 0, NULL, NULL, NULL),
(960, 319, 'Безхлібна (Пухальська) Анастасія Павлівна', 'ж', 'Доцент', 'к.н.,доцент', 0, NULL, NULL, NULL),
(962, 319, 'Бєлікова Марина Володимирівна', 'ж', 'Доцент', 'к.н.,доцент', 0, NULL, NULL, NULL),
(963, 319, 'Буканов Григорій Миколайович', 'м', 'Доцент', 'к.н.,доцент', 0, NULL, NULL, NULL),
(964, 319, 'Булатов Сергій Вікторович', 'м', 'Ст. викладач', '', 0, NULL, NULL, NULL),
(966, 319, 'Бут Тетяна Вікторівна', 'ж', 'Доцент ', 'к.н.,доцент', 0, NULL, NULL, NULL),
(967, 319, 'Васильєва Олена Олексіївна', 'ж', 'Декан', 'к.н.,доцент', 0, NULL, NULL, NULL),
(969, 319, 'Василичев Денис Вікторович', 'м', 'Доцент', 'к.н.,доцент', 0, NULL, NULL, NULL),
(970, 319, 'Віндюк Андрій Валерійович', 'м', 'Професор', 'д.н.,професор', 0, NULL, NULL, NULL),
(972, 319, 'Гавриленко Олена Вячеславівна', 'ж', 'Викладач', '', 0, NULL, NULL, NULL),
(973, 319, 'Гіль Людмила Анатоліївна', 'ж', 'Ст. викладач', '', 0, NULL, NULL, NULL),
(974, 319, 'Гнєздовський Олексій Валентинович', 'м', 'Ст. викладач', '', 0, NULL, NULL, NULL),
(975, 319, 'Гресь-Євреінова Світлана Володимирівна', 'ж', 'Доцент', 'к.н.', 0, NULL, NULL, NULL),
(976, 319, 'Гресь-Євреінова Світлана Володимирівна*', 'ж', 'Доцент', 'к.н.', 0, NULL, NULL, NULL),
(977, 319, 'Гудзь Петро Васильович', 'м', 'Професор', 'д.н.,професор', 0, NULL, NULL, NULL),
(978, 319, 'Гурова Дар\'я Дмитрівна', 'ж', 'Доцент', 'к.н.,доцент', 0, NULL, NULL, NULL),
(980, 319, 'Домашенко Світлана Володимирівна *', 'ж', 'Доцент', 'к.н.', 0, NULL, NULL, NULL),
(981, 319, 'Жданов Віталій Валерійович*', 'м', 'Доцент', 'к.н.', 0, NULL, NULL, NULL),
(982, 319, 'Журавльова Світлана Миколаївна', 'ж', 'Доцент', 'к.н.', 0, NULL, NULL, NULL),
(984, 319, 'Зайцева Валентина Миколаївна', 'ж', 'Зав. кафедри', 'к.н.,професор', 0, NULL, NULL, NULL),
(986, 319, 'Зацепіна Наталія Олександрівна', 'ж', 'Доцент', 'к.н.,доцент', 0, NULL, NULL, NULL),
(987, 319, 'Ігнатьєва Антоніна Петрівна', 'ж', 'Ст. лаборант', '', 0, NULL, NULL, NULL),
(988, 319, 'Каптюх Тетяна Віталіївна', 'ж', 'Ст. викладач', '', 0, NULL, NULL, NULL),
(990, 319, 'Корнієнко Ольга Миколаївна', 'ж', 'Доцент', 'к.н.,доцент', 0, NULL, NULL, NULL),
(991, 319, 'Кривокора Наталія Степанівна', 'ж', 'Ст. лаборант в/о', '', 0, NULL, NULL, NULL),
(993, 319, 'Кукліна Тетяна Сергіївна', 'ж', 'Доцент', 'к.н.,доцент', 0, NULL, NULL, NULL),
(995, 319, 'Мамотенко Дар\'я Юріївна', 'ж', 'Доцент', 'к.н.,доцент', 0, NULL, NULL, NULL),
(997, 319, 'Неумивакіна Вікторія Сергіївна', 'ж', 'Лаборант', '', 0, NULL, NULL, NULL),
(998, 319, 'Полежаєв Юрій Григорович', 'м', 'Доцент ', 'к.н.', 0, NULL, NULL, NULL),
(999, 319, 'Прусс Вікторія Леонідівна', 'ж', 'Ст. викладач', '', 0, NULL, NULL, NULL),
(1001, 319, 'Фощий Олександр Вікторович', 'м', 'Лаборант', '', 0, NULL, NULL, NULL),
(1002, 319, 'Соколов Андрій Васильович', 'м', 'Доцент', 'к.н.,доцент', 0, NULL, NULL, NULL),
(1003, 319, 'Цвілий Сергій Миколайович', 'м', 'Доцент', 'к.н.,доцент', 0, NULL, NULL, NULL),
(1004, 319, 'Шелементьєва(Перекрест) Тетяна В\'ячеславівна', 'ж', 'Доцент', 'к.н.,доцент', 0, NULL, NULL, NULL),
(1006, 319, 'Жилко (Шевченко) Олена Вадимівна', 'ж', 'Доцент', 'к.н.,доцент', 0, NULL, NULL, NULL),
(1008, 276, 'Бабенко Анатолій Григорович', 'м', 'Професор', 'д.н.,професор', 0, NULL, NULL, NULL),
(1009, 276, 'Біленко Олена Вікторівна', 'ж', 'Доцент', 'к.н.,доцент', 0, NULL, NULL, NULL),
(1010, 276, 'Василичев Денис Вікторович', 'м', 'Доцент ', 'к.н.,доцент', 0, NULL, NULL, NULL),
(1012, 276, 'Васильєва Олена Олексіївна', 'ж', 'Доцент', 'к.н.,доцент', 0, NULL, NULL, NULL),
(1013, 276, 'Гіль Людмила Анатоліївна', 'ж', 'Ст. викладач', '', 0, NULL, NULL, NULL),
(1014, 276, 'Галан Олена Євгенівна', 'ж', 'Доцент', 'к.н.,доцент', 0, NULL, NULL, NULL),
(1015, 276, 'Горбань Світлана Федорівна', 'ж', 'Доцент', 'к.н.,доцент', 0, NULL, NULL, NULL),
(1016, 276, 'Гудзь Марина Вікторівна', 'ж', 'Професор', 'д.н.,професор', 0, NULL, NULL, NULL),
(1017, 276, 'Кравець (Єрємєєва) Марина Віталіївна', 'ж', 'Ст. лаборант в/о', '', 0, NULL, NULL, NULL),
(1018, 276, 'Жданов Віталій Валерійович*', 'м', 'Доцент', 'к.н.', 0, NULL, NULL, NULL),
(1020, 276, 'Іванченко Андрій Володимирович', 'м', 'Доцент', 'к.н.,доцент', 0, NULL, NULL, NULL),
(1021, 276, 'Карпенко Андрій Володимирович', 'м', 'Доцент', 'к.н.,доцент', 0, NULL, NULL, NULL),
(1023, 276, 'Карпенко Наталія Миколаївна', 'ж', 'Доцент ', 'к.н.,доцент', 0, NULL, NULL, NULL),
(1024, 276, 'Коваленко Маргарита Олександрівна', 'ж', 'Ст. викладач', 'к.н.', 0, NULL, NULL, NULL),
(1026, 276, 'Кривохлябова Олена Вікторівна', 'ж', 'Ст. лаборант в/о', '', 0, NULL, NULL, NULL),
(1027, 276, 'Морозов Денис Миколайович', 'м', 'Доцент', 'к.н.,доцент', 0, NULL, NULL, NULL),
(1028, 276, 'Плинокос Дмитро Дмитрович', 'м', 'Доцент', 'к.н.,доцент', 0, NULL, NULL, NULL),
(1029, 287, 'Белименко Юлія Олексіївна ', 'ж', 'Ст. лаборант в/о', '', 0, NULL, NULL, NULL),
(1030, 287, 'Богуславська Алла Михайлівна', 'ж', 'Доцент', 'к.н.', 0, NULL, NULL, NULL),
(1031, 287, 'Гнєздовський Олексій Валентинович', 'м', 'Ст. викладач', '', 0, NULL, NULL, NULL),
(1033, 287, 'Домашенко Світлана Володимирівна *', 'ж', 'Доцент', 'к.н.,доцент', 0, NULL, NULL, NULL),
(1034, 287, 'Ляшенко  Наталія Олександрівна', 'ж', 'Ст. лаборант в/о', '', 0, NULL, NULL, NULL),
(1035, 287, 'Михайлов Юрій Сергійович', 'м', 'Ст. викладач', 'к.н.', 0, NULL, NULL, NULL),
(1036, 287, 'Морозов Денис Миколайович', 'м', 'Зав. кафедри ', 'к.н.,доцент', 0, NULL, NULL, NULL),
(1038, 287, 'Соколов Андрій Васильович', 'м', 'Доцент', 'к.н.,доцент', 0, NULL, NULL, NULL),
(1039, 286, 'Андрєєва (Баталкіна) Катеріна Олександрівна', 'ж', 'Ст. лаборант в/о', '', 0, NULL, NULL, NULL),
(1040, 286, 'Брутман Анна Богданівна', 'ж', 'Зав. кафедри ', 'к.н.,доцент', 0, NULL, NULL, NULL),
(1042, 286, 'Василенко Галина Володимирівна', 'ж', 'Доцент', 'к.н.', 0, NULL, NULL, NULL),
(1044, 286, 'Горлачова Вікторія Володимирівна', 'ж', 'Доцент', 'к.н.,доцент', 0, NULL, NULL, NULL),
(1045, 286, 'Назимок (Коцарь) Людмила Валеріївна', 'ж', 'Ст. лаборант в/о', '', 0, NULL, NULL, NULL),
(1046, 286, 'Наумчук Тетяна Іванівна', 'ж', 'Доцент', 'к.н.', 0, NULL, NULL, NULL),
(1048, 286, 'Новіков Володимир Павлович', 'м', 'Доцент ', 'к.н.,доцент', 0, NULL, NULL, NULL),
(1050, 286, 'Новікова Наталя Геннадіївна', 'ж', 'Ст. викладач', '', 0, NULL, NULL, NULL),
(1051, 286, 'Полежаєв Юрій Григорович', 'м', 'Доцент', 'к.н.,доцент', 0, NULL, NULL, NULL),
(1052, 286, 'Полєжаєв Юрій Григорович', 'м', 'Доцент', 'к.н.,доцент', 0, NULL, NULL, NULL),
(1053, 309, 'Балухтіна Олена Миколаївна', 'ж', 'Ст. лаборант', '', 0, NULL, NULL, NULL),
(1054, 309, 'Бородулькіна Тетяна Олександрівна', 'ж', 'Доцент', 'к.н.,доцент', 0, NULL, NULL, NULL),
(1055, 309, 'Бочелюк Віталій Йосипович', 'м', 'Професор', 'д.н.,професор', 0, NULL, NULL, NULL),
(1057, 309, 'Гайворонська Таісія Олексіївна', 'ж', 'Декан ', 'к.н.,доцент', 0, NULL, NULL, NULL),
(1059, 309, 'Дергач Маргарита Альфрітівна', 'ж', 'Професор', 'д.н.,доцент', 0, NULL, NULL, NULL),
(1061, 309, 'Максименко Євген Андрійович', 'м', 'Ст. лаборант в/о', '', 0, NULL, NULL, NULL),
(1062, 309, 'Походенко Світлана Володимирівна', 'ж', 'Доцент', 'к.н.,доцент', 0, NULL, NULL, NULL),
(1064, 309, 'Стрюкова Юлія Вадимівна', 'ж', 'Ст. викладач', '', 0, NULL, NULL, NULL),
(1065, 309, 'Сорока Олена Вікторівна', 'ж', 'Доцент ', 'к.н.,доцент', 0, NULL, NULL, NULL),
(1066, 309, 'Тисячник Ірина Володимирівна', 'ж', 'Доцент', 'к.н.,доцент', 0, NULL, NULL, NULL),
(1067, 309, 'Хрустальова Марина Станіславівна', 'ж', 'Доцент', 'к.н.,доцент', 0, NULL, NULL, NULL),
(1068, 309, 'Черепєхіна Ольга Анатоліївна', 'ж', 'Доцент', 'к.н.,доцент', 0, NULL, NULL, NULL),
(1069, 309, 'Шакіб Оксана Володимирівна', 'ж', 'Ст. лаборант в/о', '', 0, NULL, NULL, NULL),
(1070, 309, 'Шевчук Зінаїда Миколаївна', 'ж', 'Доцент', 'к.н.', 0, NULL, NULL, NULL),
(1071, 309, 'Шубертій Наталія Георгіївна', 'ж', 'Ст. викладач', '', 0, NULL, NULL, NULL),
(1072, 312, 'Агарков Олег Анатолійович', 'м', 'Зав. кафедри ', 'д.н.,професор', 0, NULL, NULL, NULL),
(1073, 312, 'Баршацька Галина Юріївна', 'ж', 'Доцент', 'к.н.,доцент', 0, NULL, NULL, NULL),
(1075, 312, 'Бебик Валерій Михайлович', 'м', 'Професор', 'д.н.,професор', 0, NULL, NULL, NULL),
(1076, 312, 'Буканов Григорій Миколайович', 'м', 'Доцент', 'к.н.,доцент', 0, NULL, NULL, NULL),
(1077, 312, 'Балухтіна Олена Миколаївна', 'ж', 'Ст. викладач', 'к.н.', 0, NULL, NULL, NULL),
(1078, 312, 'Гайворонська Таісія Олексіївна', 'ж', 'Доцент', 'к.н.,доцент', 0, NULL, NULL, NULL),
(1079, 312, 'Гугнін Едуард Анатолійович', 'м', 'Доцент', 'к.н.,доцент', 0, NULL, NULL, NULL),
(1080, 312, 'Дударьов Віталій Валентинович*', 'м', 'Доцент', 'к.н.', 0, NULL, NULL, NULL),
(1081, 312, 'Дударьов Віталій Валентинович', 'м', 'Доцент', 'к.н.', 0, NULL, NULL, NULL),
(1082, 312, 'Татара (Кривошева) Олена Іванівна', 'ж', 'Ст. лаборант', '', 0, NULL, NULL, NULL),
(1083, 312, 'Коваль Владислав Олександрович', 'м', 'Доцент', 'к.н.,доцент', 0, NULL, NULL, NULL),
(1085, 312, 'Кузьмін Віктор Володимирович', 'м', 'Доцент', 'к.н.,доцент', 0, NULL, NULL, NULL),
(1086, 312, 'Кузьміна Марія Олегівна', 'ж', 'Викладач', '', 0, NULL, NULL, NULL),
(1087, 312, 'Новак Тетяна Олександрівна', 'ж', 'Ст. лаборант', '', 0, NULL, NULL, NULL),
(1088, 312, 'Попович Василь Михайлович', 'м', 'Зав. кафедри', 'д.н.,доцент', 0, NULL, NULL, NULL),
(1090, 312, 'Попович Яна Максимівна', 'ж', 'Ст. викладач', 'к.н.', 0, NULL, NULL, NULL),
(1091, 312, 'Таран Володимир Олександрович', 'м', 'Професор', 'д.н.,доцент', 0, NULL, NULL, NULL),
(1092, 312, 'Серга Тетяна Олексіївна', 'ж', 'Доцент', 'к.н.,доцент', 0, NULL, NULL, NULL),
(1093, 312, 'Турба Оксана Олексіївна', 'ж', 'Доцент', 'к.н.,доцент', 0, NULL, NULL, NULL),
(1094, 312, 'Щербина Сергій Степанович', 'м', 'Доцент', 'к.н.', 0, NULL, NULL, NULL),
(1096, 282, 'Березенко Віта Віталіївна', 'ж', 'Професор', '', 0, NULL, NULL, NULL),
(1097, 282, 'Волинець Галина Миколаївна', 'ж', 'Доцент ', 'к.н.,доцент', 0, NULL, NULL, NULL),
(1099, 282, 'Дерибас Геннадій Віталійович', 'м', 'Ст. викладач', '', 0, NULL, NULL, NULL),
(1100, 282, 'Нефьодова Наталія Михайлівна', 'ж', 'Ст. лаборант', '', 0, NULL, NULL, NULL),
(1101, 282, 'Островська Наталія Василівна', 'ж', 'Доцент ', 'к.н.', 0, NULL, NULL, NULL),
(1102, 282, 'Панченко Світлана Анатоліївна ', 'ж', 'Доцент ', 'к.н.,доцент', 0, NULL, NULL, NULL),
(1104, 282, 'Погребна Вікторія Леонідівна', 'ж', 'Зав. кафедри ', 'д.н.,професор', 0, NULL, NULL, NULL),
(1106, 282, 'Пода Олена Юріївна', 'ж', 'Доцент ', 'к.н.,доцент', 0, NULL, NULL, NULL),
(1107, 282, 'Пода Олена Юрійовна', 'ж', 'Доцент', 'к.н.,доцент', 0, NULL, NULL, NULL),
(1108, 282, 'Полєжаєв Юрій Григорович', 'м', 'Ст. викладач', 'к.н.', 0, NULL, NULL, NULL),
(1109, 282, 'Скуртул Ганна Сергіївна', 'ж', 'Доцент', 'к.н.', 0, NULL, NULL, NULL),
(1111, 282, 'Тонкіх Ірина Юрійовна', 'ж', 'Доцент', 'к.н.,доцент', 0, NULL, NULL, NULL),
(1113, 282, 'Хітрова Тетяна Володимирівна', 'ж', 'Доцент', 'к.н.,доцент', 0, NULL, NULL, NULL),
(1115, 282, 'Яценко Олена Олександрівна', 'ж', 'Ст. викладач', '', 0, NULL, NULL, NULL),
(1116, 291, 'Баєва Лілія Вікторівна', 'ж', 'Доцент ', 'к.н.,доцент', 0, NULL, NULL, NULL),
(1117, 291, 'Бодзяк Анастасія Сергіївна', 'ж', 'Лаборант', '', 0, NULL, NULL, NULL),
(1118, 291, 'Бостан Сергій Костянтинович', 'м', 'Професор', 'д.н.,професор', 0, NULL, NULL, NULL),
(1120, 291, 'Буканов Григорій Миколайович', 'м', 'Доцент ', 'к.н.,доцент', 0, NULL, NULL, NULL),
(1122, 291, 'Денисенко Вікторія Володимирівна', 'ж', 'Доцент', 'к.н.,доцент', 0, NULL, NULL, NULL),
(1123, 291, 'Зайцева (Коровіна )Яна Олександрівна', 'ж', 'Лаборант', '', 0, NULL, NULL, NULL),
(1125, 291, 'Купін Арнольд Павлович', 'м', 'Доцент', 'к.н.,доцент', 0, NULL, NULL, NULL),
(1127, 291, 'Максакова Руслана Миколаївна', 'ж', 'Зав. кафедри ', 'д.н.,професор', 0, NULL, NULL, NULL),
(1129, 291, 'Пальченкова Вікторія Михайлівна', 'ж', 'Професор', 'д.н.,професор', 0, NULL, NULL, NULL),
(1131, 291, 'Саміло Ганна Олегівна', 'ж', 'Доцент ', 'к.н.,доцент', 0, NULL, NULL, NULL),
(1133, 291, 'Смолярова Марина Леонідівна', 'ж', 'Доцент ', 'к.н.,доцент', 0, NULL, NULL, NULL),
(1135, 292, 'Градецький Андрій Вікторович', 'м', 'Доцент', 'к.н.,доцент', 0, NULL, NULL, NULL),
(1137, 292, 'Куценко Владислав Ігорович', 'м', 'Доцент', 'к.н.', 0, NULL, NULL, NULL),
(1138, 292, 'Леоненко Тетяна Євгенівна', 'ж', 'Зав. кафедри ', 'д.н.,доцент', 0, NULL, NULL, NULL),
(1140, 292, 'Леоненко Максим Іванович', 'м', 'Професор', 'к.н.,доцент', 0, NULL, NULL, NULL),
(1142, 292, 'Надієнко Олена Іванівна', 'ж', 'Доцент', 'к.н.,доцент', 0, NULL, NULL, NULL),
(1144, 292, 'Назаренко Павло Григорович', 'м', 'Доцент', 'к.н.,доцент', 0, NULL, NULL, NULL),
(1145, 292, 'Неумивакіна Вікторія Сергіївна', 'ж', 'Лаборант', '', 0, NULL, NULL, NULL),
(1146, 292, 'Сокур Тетяна Анатоліївна', 'ж', 'Асистент', '', 0, NULL, NULL, NULL),
(1147, 292, 'Тимчук Олексій Леонідович', 'м', 'Доцент', 'к.н.,доцент', 0, NULL, NULL, NULL),
(1148, 292, 'Філей Юрій Володимирович', 'м', 'Декан', 'к.н.,доцент', 0, NULL, NULL, NULL),
(1150, 292, 'Шиян Дмитро Сергійович', 'м', 'Доцент', 'к.н.,доцент', 0, NULL, NULL, NULL),
(1152, 292, 'Шиян (Найдьонова) Ольга Юріївна', 'ж', 'Доцент', 'к.н.', 0, NULL, NULL, NULL),
(1154, 283, 'Арабаджиєв Дмитро Юрійович', 'м', 'Зав. кафедри ', 'д.н.,доцент', 0, NULL, NULL, NULL),
(1155, 283, 'Астахов Дмитро Сергійович', 'м', 'Ст. викладач', 'к.н.', 0, NULL, NULL, NULL),
(1156, 283, 'Бекдамирова Лідія Заурівна', 'ж', 'Ст. лаборант', '', 0, NULL, NULL, NULL),
(1158, 283, 'Волобуєв Владислав Владиславович', 'м', 'Доцент', 'к.н.,доцент', 0, NULL, NULL, NULL),
(1160, 283, 'Попович Яна Максимівна', 'ж', 'Доцент', 'к.н.', 0, NULL, NULL, NULL),
(1162, 283, 'Сергієнко Тетяна Іванівна', 'ж', 'Доцент', 'к.н.,доцент', 0, NULL, NULL, NULL),
(1163, 283, 'Чавкіна Світлана Володимирівна', 'ж', 'Доцент', 'к.н.', 0, NULL, NULL, NULL),
(1164, 272, 'Альохін Костянтин Васильович', 'м', 'Зав. кафедри ', '', 0, NULL, NULL, NULL),
(1165, 272, 'Горбань Емма Анатоліївна', 'ж', 'Двірник', '', 0, NULL, NULL, NULL),
(1166, 272, 'Гупало Андрій Григорович', 'м', 'Викладач', '', 0, NULL, NULL, NULL),
(1167, 272, 'Карпов Віктор Петрович', 'м', 'Лаборант', '', 0, NULL, NULL, NULL),
(1168, 272, 'Коробов Олександр Валентинович', 'м', 'Ст. викладач', '', 0, NULL, NULL, NULL),
(1169, 272, 'Левченко Геннадій Васильович', 'м', 'Сторож', '', 0, NULL, NULL, NULL),
(1170, 272, 'Овсянникова Тетяна Василівна', 'ж', 'Прибиральник сл.прим.', '', 0, NULL, NULL, NULL),
(1171, 272, 'Павелко Олександр Володимирович', 'м', 'Ст. викладач', '', 0, NULL, NULL, NULL),
(1172, 272, 'Петренко Володимир Миколайович', 'м', 'Нач.режимно-секретного від.', '', 0, NULL, NULL, NULL),
(1173, 272, 'Петренко Олександр Миколайович', 'м', 'Викладач', '', 0, NULL, NULL, NULL),
(1174, 272, 'Петрова Валентина Іванівна', 'ж', 'Прибиральник сл.прим.', '', 0, NULL, NULL, NULL),
(1175, 272, 'Полторак Леонід Михайлович', 'м', 'Викладач', '', 0, NULL, NULL, NULL),
(1177, 272, 'Потапенко Валерій Миколайович', 'м', 'Ст. викладач', '', 0, NULL, NULL, NULL),
(1178, 272, 'Пузей Леонід Васильович', 'м', 'Сторож', '', 0, NULL, NULL, NULL),
(1179, 272, 'Удовіченко Василь Тихонович', 'м', 'Сторож', '', 0, NULL, NULL, NULL),
(1180, 272, 'Федосов Олексій Володимирович', 'м', 'Ст. викладач', '', 0, NULL, NULL, NULL),
(1182, 272, 'Хижняк Роман Петрович', 'м', 'Викладач', '', 0, NULL, NULL, NULL),
(1183, 272, 'Хрипун Олександр Іванович', 'м', 'Ст. викладач', '', 0, NULL, NULL, NULL),
(1184, 274, 'Носенко Михайло Володимирович', 'м', 'Доцент', 'к.н.,доцент', 0, NULL, NULL, NULL),
(1185, 317, 'Гончар Наталя Вікторівна', 'ж', 'Доцент', 'к.н.,доцент', 0, NULL, NULL, NULL),
(1186, 276, 'Карпенко Наталя Миколаївна', 'ж', 'Доцент ', 'к.н.,доцент', 0, NULL, NULL, NULL),
(1187, 277, 'Кригульська Тетяна Борисівна', 'ж', '', '', 0, NULL, NULL, NULL),
(1188, 280, 'Дяченко Віра Вікторівна', 'ж', 'Доцент', 'к.н.,доцент', 0, NULL, NULL, NULL),
(1189, 277, 'Тарасенко Кирил Валентинович', 'м', '', '', 0, NULL, NULL, NULL),
(1190, 307, 'Нечипоренко Ніна Олександрівна', 'ж', 'Доцент', 'к.н.,доцент', 0, NULL, NULL, NULL),
(1191, 307, 'Щербина Оксана Анатоліївна', 'ж', 'Асистент', '', 0, NULL, NULL, NULL),
(1192, 307, 'Левицька Тетяна Ігорівна', 'ж', 'Доцент ', 'к.н.,доцент', 0, NULL, NULL, NULL),
(1193, 307, 'Пожуєва Ірина Сергіївна', 'ж', 'Доцент ', 'к.н.,доцент', 0, NULL, NULL, NULL),
(1194, 307, 'Мізерна Олена Леонідівна', 'ж', 'Ст. викладач', '', 0, NULL, NULL, NULL),
(1195, 308, 'Каврін Дмитро Анатолійович', 'м', 'Асистент', '', 0, NULL, NULL, NULL),
(1196, 308, 'Федорончак Тетяна Василівна', 'ж', 'Доцент', 'к.н.,доцент', 0, NULL, NULL, NULL),
(1197, 308, 'Туленков Артем Вячеславович', 'м', 'Асистент', '', 0, NULL, NULL, NULL),
(1198, 312, 'Застело Анна Олександрівна', 'ж', '', '', 0, NULL, NULL, NULL),
(1199, 312, 'Віхляєва Яна Євгенівна', 'ж', '', '', 0, NULL, NULL, NULL),
(1200, 316, 'Уланов Сергій Олександрович', 'м', '', '', 0, NULL, NULL, NULL),
(1201, 316, 'Овчиников Олександр Володимирович', 'м', 'Професор', 'д.н.,професор', 0, NULL, NULL, NULL),
(1202, 319, 'Шелеметьєва Тетяна Вячеславівна', 'ж', 'Доцент', 'к.н.,доцент', 0, NULL, NULL, NULL),
(1203, 319, 'Зацепіна Наталя Олександрівна', 'ж', 'Доцент', 'к.н.,доцент', 0, NULL, NULL, NULL),
(1204, 319, 'Безхлібна Анастасія Павлівна', 'ж', 'Доцент', 'к.н.,доцент', 0, NULL, NULL, NULL),
(1205, 317, 'Гермашев Антон Ігоревич', 'м', 'Доцент', 'к.н.', 0, NULL, NULL, NULL);

--
-- Индексы сохранённых таблиц
--

--
-- Индексы таблицы `auditory`
--
ALTER TABLE `auditory`
  ADD PRIMARY KEY (`auditory_id`),
  ADD KEY `type_auditory` (`type_auditory`),
  ADD KEY `auditory_id` (`auditory_id`);

--
-- Индексы таблицы `auditory_type`
--
ALTER TABLE `auditory_type`
  ADD PRIMARY KEY (`auditory_type_id`),
  ADD KEY `auditory_type_id` (`auditory_type_id`);

--
-- Индексы таблицы `department`
--
ALTER TABLE `department`
  ADD PRIMARY KEY (`department_id`),
  ADD KEY `faculty_id` (`faculty_id`),
  ADD KEY `department_id` (`department_id`),
  ADD KEY `department_id_2` (`department_id`),
  ADD KEY `department_id_3` (`department_id`);

--
-- Индексы таблицы `discipline`
--
ALTER TABLE `discipline`
  ADD PRIMARY KEY (`discipline_id`),
  ADD KEY `discipline_id` (`discipline_id`);

--
-- Индексы таблицы `faculty`
--
ALTER TABLE `faculty`
  ADD PRIMARY KEY (`faculty_id`),
  ADD KEY `faculty_id` (`faculty_id`);

--
-- Индексы таблицы `lesson`
--
ALTER TABLE `lesson`
  ADD PRIMARY KEY (`lesson_id`),
  ADD KEY `department_id_3` (`department_id`) USING BTREE,
  ADD KEY `discipline_id` (`discipline_id`),
  ADD KEY `lesson_id` (`lesson_id`),
  ADD KEY `lesson_id_2` (`lesson_id`);

--
-- Индексы таблицы `lesson_auditory`
--
ALTER TABLE `lesson_auditory`
  ADD PRIMARY KEY (`lesson_auditory_id`),
  ADD KEY `lesson_id` (`lesson_id`),
  ADD KEY `auditory_id` (`auditory_id`);

--
-- Индексы таблицы `lesson_teacher`
--
ALTER TABLE `lesson_teacher`
  ADD PRIMARY KEY (`lesson_teacher_id`),
  ADD KEY `teacher_id` (`teacher_id`),
  ADD KEY `lesson_id_2` (`lesson_id`) USING BTREE;

--
-- Индексы таблицы `study_group`
--
ALTER TABLE `study_group`
  ADD PRIMARY KEY (`study_group_id`),
  ADD KEY `department_id_2` (`department_id`) USING BTREE;

--
-- Индексы таблицы `teacher`
--
ALTER TABLE `teacher`
  ADD PRIMARY KEY (`teacher_id`),
  ADD KEY `department_id` (`department_id`),
  ADD KEY `teacher_id` (`teacher_id`);

--
-- AUTO_INCREMENT для сохранённых таблиц
--

--
-- AUTO_INCREMENT для таблицы `auditory`
--
ALTER TABLE `auditory`
  MODIFY `auditory_id` int(11) NOT NULL AUTO_INCREMENT, AUTO_INCREMENT=4786;

--
-- AUTO_INCREMENT для таблицы `auditory_type`
--
ALTER TABLE `auditory_type`
  MODIFY `auditory_type_id` int(11) NOT NULL AUTO_INCREMENT, AUTO_INCREMENT=37;

--
-- AUTO_INCREMENT для таблицы `department`
--
ALTER TABLE `department`
  MODIFY `department_id` int(11) NOT NULL AUTO_INCREMENT, AUTO_INCREMENT=336;

--
-- AUTO_INCREMENT для таблицы `discipline`
--
ALTER TABLE `discipline`
  MODIFY `discipline_id` int(11) NOT NULL AUTO_INCREMENT, AUTO_INCREMENT=1825;

--
-- AUTO_INCREMENT для таблицы `faculty`
--
ALTER TABLE `faculty`
  MODIFY `faculty_id` int(11) NOT NULL AUTO_INCREMENT, AUTO_INCREMENT=57;

--
-- AUTO_INCREMENT для таблицы `lesson`
--
ALTER TABLE `lesson`
  MODIFY `lesson_id` int(11) NOT NULL AUTO_INCREMENT, AUTO_INCREMENT=204;

--
-- AUTO_INCREMENT для таблицы `lesson_auditory`
--
ALTER TABLE `lesson_auditory`
  MODIFY `lesson_auditory_id` int(11) NOT NULL AUTO_INCREMENT, AUTO_INCREMENT=225;

--
-- AUTO_INCREMENT для таблицы `lesson_teacher`
--
ALTER TABLE `lesson_teacher`
  MODIFY `lesson_teacher_id` int(11) NOT NULL AUTO_INCREMENT, AUTO_INCREMENT=217;

--
-- AUTO_INCREMENT для таблицы `study_group`
--
ALTER TABLE `study_group`
  MODIFY `study_group_id` int(11) NOT NULL AUTO_INCREMENT, AUTO_INCREMENT=138;

--
-- AUTO_INCREMENT для таблицы `teacher`
--
ALTER TABLE `teacher`
  MODIFY `teacher_id` int(11) NOT NULL AUTO_INCREMENT, AUTO_INCREMENT=1206;

--
-- Ограничения внешнего ключа сохраненных таблиц
--

--
-- Ограничения внешнего ключа таблицы `auditory`
--
ALTER TABLE `auditory`
  ADD CONSTRAINT `auditory_ibfk_1` FOREIGN KEY (`type_auditory`) REFERENCES `auditory_type` (`auditory_type_id`) ON UPDATE CASCADE,
  ADD CONSTRAINT `auditory_ibfk_2` FOREIGN KEY (`department_id`) REFERENCES `department` (`department_id`) ON UPDATE CASCADE;

--
-- Ограничения внешнего ключа таблицы `department`
--
ALTER TABLE `department`
  ADD CONSTRAINT `department_ibfk_1` FOREIGN KEY (`faculty_id`) REFERENCES `faculty` (`faculty_id`) ON UPDATE CASCADE;

--
-- Ограничения внешнего ключа таблицы `lesson`
--
ALTER TABLE `lesson`
  ADD CONSTRAINT `lesson_ibfk_1` FOREIGN KEY (`department_id`) REFERENCES `department` (`department_id`) ON UPDATE CASCADE,
  ADD CONSTRAINT `lesson_ibfk_2` FOREIGN KEY (`discipline_id`) REFERENCES `discipline` (`discipline_id`) ON UPDATE CASCADE;

--
-- Ограничения внешнего ключа таблицы `lesson_auditory`
--
ALTER TABLE `lesson_auditory`
  ADD CONSTRAINT `lesson_auditory_ibfk_1` FOREIGN KEY (`lesson_id`) REFERENCES `lesson` (`lesson_id`) ON UPDATE CASCADE,
  ADD CONSTRAINT `lesson_auditory_ibfk_2` FOREIGN KEY (`auditory_id`) REFERENCES `auditory` (`auditory_id`) ON UPDATE CASCADE;

--
-- Ограничения внешнего ключа таблицы `lesson_teacher`
--
ALTER TABLE `lesson_teacher`
  ADD CONSTRAINT `lesson_teacher_ibfk_1` FOREIGN KEY (`lesson_id`) REFERENCES `lesson` (`lesson_id`) ON UPDATE CASCADE,
  ADD CONSTRAINT `lesson_teacher_ibfk_2` FOREIGN KEY (`teacher_id`) REFERENCES `teacher` (`teacher_id`) ON UPDATE CASCADE;

--
-- Ограничения внешнего ключа таблицы `study_group`
--
ALTER TABLE `study_group`
  ADD CONSTRAINT `study_group_ibfk_1` FOREIGN KEY (`department_id`) REFERENCES `department` (`department_id`) ON UPDATE CASCADE;

--
-- Ограничения внешнего ключа таблицы `teacher`
--
ALTER TABLE `teacher`
  ADD CONSTRAINT `teacher_ibfk_1` FOREIGN KEY (`department_id`) REFERENCES `department` (`department_id`) ON UPDATE CASCADE;
COMMIT;

/*!40101 SET CHARACTER_SET_CLIENT=@OLD_CHARACTER_SET_CLIENT */;
/*!40101 SET CHARACTER_SET_RESULTS=@OLD_CHARACTER_SET_RESULTS */;
/*!40101 SET COLLATION_CONNECTION=@OLD_COLLATION_CONNECTION */;
